book	chapter	verse	decision	chosen	farskipper	thiagobodruk	openbibles	scrollmapper
Genesis	2	21	plurality 2/4	And the LORD God caused a deep sleep to fall upon Adam, and he slept: and he took one of his ribs, and closed up the flesh instead thereof;	And the LORD God caused a deep sleep to fall upon Adam, and he slept: and he took one of his ribs, and closed up the flesh instead thereof;	And the LORD God caused a deep sleep to fall upon Adam, and he slept: and he took one of his ribs, and closed up the flesh instead thereof;	And the LORD God caused a deep sleep to fall upon Adam and he slept: and he took one of his ribs, and closed up the flesh instead thereof;	And the Lord God caused a deep sleep to fall upon Adam, and he slept: and he took one of his ribs, and closed up the flesh instead thereof;
Genesis	3	24	plurality 3/4	So he drove out the man; and he placed at the east of the garden of Eden Cherubims, and a flaming sword which turned every way, to keep the way of the tree of life.	So he drove out the man; and he placed at the east of the garden of Eden Cherubims, and a flaming sword which turned every way, to keep the way of the tree of life.	So he drove out the man; and he placed at the east of the garden of Eden Cherubims, and a flaming sword which turned every way, to keep the way of the tree of life.	So he drove out the man; and he placed at the east of the garden of Eden Cherubim, and a flaming sword which turned every way, to keep the way of the tree of life.	So he drove out the man; and he placed at the east of the garden of Eden Cherubims, and a flaming sword which turned every way, to keep the way of the tree of life.
Genesis	10	7	plurality 3/4	And the sons of Cush; Seba, and Havilah, and Sabtah, and Raamah, and Sabtecha: and the sons of Raamah; Sheba, and Dedan.	And the sons of Cush; Seba, and Havilah, and Sabtah, and Raamah, and Sabtecha: and the sons of Raamah; Sheba, and Dedan.	And the sons of Cush; Seba, and Havilah, and Sabtah, and Raamah, and Sabtecha: and the sons of Raamah; Sheba, and Dedan.	And the sons of Cush; Seba, and Havilah, and Sabtah, and Raamah, and Sabtechah: and the sons of Raamah; Sheba, and Dedan.	And the sons of Cush; Seba, and Havilah, and Sabtah, and Raamah, and Sabtecha: and the sons of Raamah; Sheba, and Dedan.
Genesis	10	26	plurality 3/4	And Joktan begat Almodad, and Sheleph, and Hazarmaveth, and Jerah,	And Joktan begat Almodad, and Sheleph, and Hazarmaveth, and Jerah,	And Joktan begat Almodad, and Sheleph, and Hazarmaveth, and Jerah,	And Joktan begat Almodad, and Sheleph, and Hazar-maveth, and Jerah,	And Joktan begat Almodad, and Sheleph, and Hazarmaveth, and Jerah,
Genesis	12	8	plurality 2/4	And he removed from thence unto a mountain on the east of Beth-el, and pitched his tent, having Beth-el on the west, and Hai on the east: and there he builded an altar unto the LORD, and called upon the name of the LORD.	And he removed from thence unto a mountain on the east of Beth-el, and pitched his tent, having Beth-el on the west, and Hai on the east: and there he builded an altar unto the LORD, and called upon the name of the LORD.	And he removed from thence unto a mountain on the east of Beth-el, and pitched his tent, having Beth-el on the west, and Hai on the east: and there he builded an altar unto the LORD, and called upon the name of the LORD.	And he removed from thence unto a mountain on the east of Bethel, and pitched his tent, having Bethel on the west, and Hai on the east: and there he builded an altar unto the LORD, and called upon the name of the LORD.	And he removed from thence unto a mountain on the east of Beth–el, and pitched his tent, having Beth–el on the west, and Hai on the east: and there he builded an altar unto the Lord, and called upon the name of the Lord.
Genesis	13	3	plurality 2/4	And he went on his journeys from the south even to Beth-el, unto the place where his tent had been at the beginning, between Beth-el and Hai;	And he went on his journeys from the south even to Beth-el, unto the place where his tent had been at the beginning, between Beth-el and Hai;	And he went on his journeys from the south even to Beth-el, unto the place where his tent had been at the beginning, between Beth-el and Hai;	And he went on his journeys from the south even to Bethel, unto the place where his tent had been at the beginning, between Bethel and Hai;	And he went on his journeys from the south even to Beth–el, unto the place where his tent had been at the beginning, between Beth–el and Hai;
Genesis	14	7	plurality 2/4	And they returned, and came to En-mishpat, which is Kadesh, and smote all the country of the Amalekites, and also the Amorites, that dwelt in Hazezon-tamar.	And they returned, and came to En-mishpat, which is Kadesh, and smote all the country of the Amalekites, and also the Amorites, that dwelt in Hazezon-tamar.	And they returned, and came to En-mishpat, which is Kadesh, and smote all the country of the Amalekites, and also the Amorites, that dwelt in Hazezon-tamar.	And they returned, and came to En-mishpat, which is Kadesh, and smote all the country of the Amalekites, and also the Amorites that dwelt in Hazezon-tamar.	And they returned, and came to En–mishpat, which is Kadesh, and smote all the country of the Amalekites, and also the Amorites, that dwelt in Hazezon–tamar.
Genesis	15	13	plurality 3/4	And he said unto Abram, Know of a surety that thy seed shall be a stranger in a land that is not theirs, and shall serve them; and they shall afflict them four hundred years;	And he said unto Abram, Know of a surety that thy seed shall be a stranger in a land that is not their's, and shall serve them; and they shall afflict them four hundred years;	And he said unto Abram, Know of a surety that thy seed shall be a stranger in a land that is not theirs, and shall serve them; and they shall afflict them four hundred years;	And he said unto Abram, Know of a surety that thy seed shall be a stranger in a land that is not theirs, and shall serve them; and they shall afflict them four hundred years;	And he said unto Abram, Know of a surety that thy seed shall be a stranger in a land that is not theirs, and shall serve them; and they shall afflict them four hundred years;
Genesis	19	20	plurality 2/4	Behold now, this city is near to flee unto, and it is a little one: Oh, let me escape thither, (is it not a little one?) and my soul shall live.	Behold now, this city is near to flee unto, and it is a little one: Oh, let me escape thither, (is it not a little one?) and my soul shall live.	Behold now, this city is near to flee unto, and it is a little one: Oh, let me escape thither, ( is it not a little one?) and my soul shall live.	Behold now, this city is near to flee unto, and it is a little one: Oh, let me escape thither, ( is it not a little one?) and my soul shall live.	Behold now, this city is near to flee unto, and it is a little one: Oh, let me escape thither, (is it not a little one?) and my soul shall live.
Genesis	19	38	plurality 2/4	And the younger, she also bare a son, and called his name Ben-ammi: the same is the father of the children of Ammon unto this day.	And the younger, she also bare a son, and called his name Ben-ammi: the same is the father of the children of Ammon unto this day.	And the younger, she also bare a son, and called his name Ben-ammi: the same is the father of the children of Ammon unto this day.	And the younger, she also bare a son, and called his name Benammi: the same is the father of the children of Ammon unto this day.	And the younger, she also bare a son, and called his name Ben–ammi: the same is the father of the children of Ammon unto this day.
Genesis	21	17	plurality 3/4	And God heard the voice of the lad; and the angel of God called to Hagar out of heaven, and said unto her, What aileth thee, Hagar? fear not; for God hath heard the voice of the lad where he is.	And God heard the voice of the lad; and the angel of God called to Hagar out of heaven, and said unto her, What aileth thee, Hagar? fear not; for God hath heard the voice of the lad where he is.	And God heard the voice of the lad; and the angel of God called to Hagar out of heaven, and said unto her, What aileth thee, Hagar? fear not; for God hath heard the voice of the lad where he is.	And God heard the voice of the lad; and the angel of God called Hagar out of heaven, and said unto her, What aileth thee, Hagar? fear not; for God hath heard the voice of the lad where he is.	And God heard the voice of the lad; and the angel of God called to Hagar out of heaven, and said unto her, What aileth thee, Hagar? fear not; for God hath heard the voice of the lad where he is.
Genesis	22	5	plurality 3/4	And Abraham said unto his young men, Abide ye here with the ass; and I and the lad will go yonder and worship, and come again to you.	And Abraham said unto his young men, Abide ye here with the ass; and I and the lad will go yonder and worship, and come again to you.	And Abraham said unto his young men, Abide ye here with the ass; and I and the lad will go yonder and worship, and come again to you.	And Abraham said unto his young men, Abide ye here with the ass; and I and the lad will go yonder and worship, and come again to you,	And Abraham said unto his young men, Abide ye here with the ass; and I and the lad will go yonder and worship, and come again to you.
Genesis	24	42	plurality 2/4	And I came this day unto the well, and said, O LORD God of my master Abraham, if now thou do prosper my way which I go:	And I came this day unto the well, and said, O LORD God of my master Abraham, if now thou do prosper my way which I go:	And I came this day unto the well, and said, O LORD God of my master Abraham, if now thou do prosper my way which I go:	And I came this day unto the well, and said, O LORD God of my master Abraham, if now thou do prosper my way which I go;	And I came this day unto the well, and said, O Lord God of my master Abraham, if now thou do prosper my way which I go:
Genesis	25	4	plurality 2/4	And the sons of Midian; Ephah, and Epher, and Hanoch, and Abida, and Eldaah. All these were the children of Keturah.	And the sons of Midian; Ephah, and Epher, and Hanoch, and Abida, and Eldaah. All these were the children of Keturah.	And the sons of Midian; Ephah, and Epher, and Hanoch, and Abidah, and Eldaah. All these were the children of Keturah.	And the sons of Midian; Ephah, and Epher, and Hanoch, and Abidah, and Eldaah. All these were the children of Keturah.	And the sons of Midian; Ephah, and Epher, and Hanoch, and Abida, and Eldaah. All these were the children of Keturah.
Genesis	26	18	plurality 3/4	And Isaac digged again the wells of water, which they had digged in the days of Abraham his father; for the Philistines had stopped them after the death of Abraham: and he called their names after the names by which his father had called them.	And Isaac digged again the wells of water, which they had digged in the days of Abraham his father; for the Philistines had stopped them after the death of Abraham: and he called their names after the names by which his father had called them.	And Isaac digged again the wells of water, which they had digged in the days of Abraham his father; for the Philistines had stopped them after the death of Abraham: and he called their names after the names by which his father had called them.	And Isaac digged again the wells of water, which they had digged in the days of Abraham his father; for the philistines had stopped them after the death of Abraham: and he called their names after the names by which his father had called them.	And Isaac digged again the wells of water, which they had digged in the days of Abraham his father; for the Philistines had stopped them after the death of Abraham: and he called their names after the names by which his father had called them.
Genesis	26	20	plurality 3/4	And the herdmen of Gerar did strive with Isaac's herdmen, saying, The water is ours: and he called the name of the well Esek; because they strove with him.	And the herdmen of Gerar did strive with Isaac's herdmen, saying, The water is our's: and he called the name of the well Esek; because they strove with him.	And the herdmen of Gerar did strive with Isaac's herdmen, saying, The water is ours: and he called the name of the well Esek; because they strove with him.	And the herdmen of Gerar did strive with Isaac's herdmen, saying, The water is ours: and he called the name of the well Esek; because they strove with him.	And the herdmen of Gerar did strive with Isaac's herdmen, saying, The water is ours: and he called the name of the well Esek; because they strove with him.
Genesis	26	25	plurality 2/4	And he builded an altar there, and called upon the name of the LORD, and pitched his tent there: and there Isaac's servants digged a well.	And he builded an altar there, and called upon the name of the LORD, and pitched his tent there: and there Isaac's servants digged a well.	And he builded an altar there, and called upon the name of the LORD, and pitched his tent there: and there Isaac's servants digged a well.	And he builded an altar there, and called upon the name of the LORD and pitched his tent there: and there Isaac's servants digged a well.	And he builded an altar there, and called upon the name of the Lord, and pitched his tent there: and there Isaac's servants digged a well.
Genesis	28	19	plurality 2/4	And he called the name of that place Beth-el: but the name of that city was called Luz at the first.	And he called the name of that place Beth-el: but the name of that city was called Luz at the first.	And he called the name of that place Beth-el: but the name of that city was called Luz at the first.	And he called the name of that place Bethel: but the name of that city was called Luz at the first.	And he called the name of that place Beth–el: but the name of that city was called Luz at the first.
Genesis	30	3	plurality 3/4	And she said, Behold my maid Bilhah, go in unto her; and she shall bear upon my knees, that I may also have children by her.	And she said, Behold my maid Bilhah, go in unto her; and she shall bear upon my knees, that I may also have children by her.	And she said, Behold my maid Bilhah, go in unto her; and she shall bear upon my knees, that I may also have children by her.	And she said, Behold my maid Bilhah, go in unto her; and she shall bear upon my knees that I may also have children by her.	And she said, Behold my maid Bilhah, go in unto her; and she shall bear upon my knees, that I may also have children by her.
Genesis	30	36	plurality 3/4	And he set three days' journey betwixt himself and Jacob: and Jacob fed the rest of Laban's flocks.	And he set three days' journey betwixt himself and Jacob: and Jacob fed the rest of Laban's flocks.	And he set three days' journey betwixt himself and Jacob: and Jacob fed the rest of Laban's flocks.	And he set three days journey betwixt himself and Jacob: and Jacob fed the rest of Laban's flocks.	And he set three days' journey betwixt himself and Jacob: and Jacob fed the rest of Laban's flocks.
Genesis	31	13	plurality 2/4	I am the God of Beth-el, where thou anointedst the pillar, and where thou vowedst a vow unto me: now arise, get thee out from this land, and return unto the land of thy kindred.	I am the God of Beth-el, where thou anointedst the pillar, and where thou vowedst a vow unto me: now arise, get thee out from this land, and return unto the land of thy kindred.	I am the God of Beth-el, where thou anointedst the pillar, and where thou vowedst a vow unto me: now arise, get thee out from this land, and return unto the land of thy kindred.	I am the God of Bethel, where thou anointedst the pillar, and where thou vowedst a vow unto me: now arise, get thee out from this land, and return unto the land of thy kindred.	I am the God of Beth–el, where thou anointedst the pillar, and where thou vowedst a vow unto me: now arise, get thee out from this land, and return unto the land of thy kindred.
Genesis	31	16	plurality 3/4	For all the riches which God hath taken from our father, that is ours, and our children's: now then, whatsoever God hath said unto thee, do.	For all the riches which God hath taken from our father, that is our's, and our children's: now then, whatsoever God hath said unto thee, do.	For all the riches which God hath taken from our father, that is ours, and our children's: now then, whatsoever God hath said unto thee, do.	For all the riches which God hath taken from our father, that is ours, and our children's: now then, whatsoever God hath said unto thee, do.	For all the riches which God hath taken from our father, that is ours, and our children's: now then, whatsoever God hath said unto thee, do.
Genesis	31	47	plurality 2/4	And Laban called it Jegar-sahadutha: but Jacob called it Galeed.	And Laban called it Jegarsahadutha: but Jacob called it Galeed.	And Laban called it Jegar-sahadutha: but Jacob called it Galeed.	And Laban called it Jegar-sahadutha: but Jacob called it Galeed.	And Laban called it Jegar–sahadutha: but Jacob called it Galeed.
Genesis	34	23	plurality 3/4	Shall not their cattle and their substance and every beast of theirs be ours? only let us consent unto them, and they will dwell with us.	Shall not their cattle and their substance and every beast of their's be our's? only let us consent unto them, and they will dwell with us.	Shall not their cattle and their substance and every beast of theirs be ours? only let us consent unto them, and they will dwell with us.	Shall not their cattle and their substance and every beast of theirs be ours? only let us consent unto them, and they will dwell with us.	Shall not their cattle and their substance and every beast of theirs be ours? only let us consent unto them, and they will dwell with us.
Genesis	35	1	plurality 2/4	And God said unto Jacob, Arise, go up to Beth-el, and dwell there: and make there an altar unto God, that appeared unto thee when thou fleddest from the face of Esau thy brother.	And God said unto Jacob, Arise, go up to Beth-el, and dwell there: and make there an altar unto God, that appeared unto thee when thou fleddest from the face of Esau thy brother.	And God said unto Jacob, Arise, go up to Beth-el, and dwell there: and make there an altar unto God, that appeared unto thee when thou fleddest from the face of Esau thy brother.	And God said unto Jacob, Arise, go up to Bethel, and dwell there: and make there an altar unto God, that appeared unto thee when thou fleddest from the face of Esau thy brother.	And God said unto Jacob, Arise, go up to Beth–el, and dwell there: and make there an altar unto God, that appeared unto thee when thou fleddest from the face of Esau thy brother.
Genesis	35	3	plurality 2/4	And let us arise, and go up to Beth-el; and I will make there an altar unto God, who answered me in the day of my distress, and was with me in the way which I went.	And let us arise, and go up to Beth-el; and I will make there an altar unto God, who answered me in the day of my distress, and was with me in the way which I went.	And let us arise, and go up to Beth-el; and I will make there an altar unto God, who answered me in the day of my distress, and was with me in the way which I went.	And let us arise, and go up to Bethel; and I will make there an altar unto God, who answered me in the day of my distress, and was with me in the way which I went.	And let us arise, and go up to Beth–el; and I will make there an altar unto God, who answered me in the day of my distress, and was with me in the way which I went.
Genesis	35	6	plurality 2/4	So Jacob came to Luz, which is in the land of Canaan, that is, Beth-el, he and all the people that were with him.	So Jacob came to Luz, which is in the land of Canaan, that is, Beth-el, he and all the people that were with him.	So Jacob came to Luz, which is in the land of Canaan, that is, Beth-el, he and all the people that were with him.	So Jacob came to Luz, which is in the land of Canaan, that is, Bethel, he and all the people that were with him.	So Jacob came to Luz, which is in the land of Canaan, that is, Beth–el, he and all the people that were with him.
Genesis	35	8	plurality 2/4	But Deborah Rebekah's nurse died, and she was buried beneath Beth-el under an oak: and the name of it was called Allon-bachuth.	But Deborah Rebekah's nurse died, and she was buried beneath Beth-el under an oak: and the name of it was called Allon-bachuth.	But Deborah Rebekah's nurse died, and she was buried beneath Beth-el under an oak: and the name of it was called Allon-bachuth.	But Deborah Rebekah's nurse died, and she was buried beneath Bethel under an oak: and the name of it was called Allon-bachuth.	But Deborah Rebekah's nurse died, and she was buried beneath Beth–el under an oak: and the name of it was called Allon–bachuth.
Genesis	35	15	plurality 2/4	And Jacob called the name of the place where God spake with him, Beth-el.	And Jacob called the name of the place where God spake with him, Beth-el.	And Jacob called the name of the place where God spake with him, Beth-el.	And Jacob called the name of the place where God spake with him, Bethel.	And Jacob called the name of the place where God spake with him, Beth–el.
Genesis	35	16	plurality 2/4	And they journeyed from Beth-el; and there was but a little way to come to Ephrath: and Rachel travailed, and she had hard labour.	And they journeyed from Beth-el; and there was but a little way to come to Ephrath: and Rachel travailed, and she had hard labour.	And they journeyed from Beth-el; and there was but a little way to come to Ephrath: and Rachel travailed, and she had hard labour.	And they journeyed from Bethel; and there was but a little way to come to Ephrath: and Rachel travailed, and she had hard labour.	And they journeyed from Beth–el; and there was but a little way to come to Ephrath: and Rachel travailed, and she had hard labour.
Genesis	35	19	plurality 2/4	And Rachel died, and was buried in the way to Ephrath, which is Beth-lehem.	And Rachel died, and was buried in the way to Ephrath, which is Beth-lehem.	And Rachel died, and was buried in the way to Ephrath, which is Beth-lehem.	And Rachel died, and was buried in the way to Ephrath, which is Bethlehem.	And Rachel died, and was buried in the way to Ephrath, which is Beth–lehem.
Genesis	36	28	plurality 3/4	The children of Dishan are these; Uz, and Aran.	The children of Dishan are these; Uz, and Aran.	The children of Dishan are these; Uz, and Aran.	The children of Dishan are these: Uz, and Aran.	The children of Dishan are these; Uz, and Aran.
Genesis	38	28	plurality 3/4	And it came to pass, when she travailed, that the one put out his hand: and the midwife took and bound upon his hand a scarlet thread, saying, This came out first.	And it came to pass, when she travailed, that the one put out his hand: and the midwife took and bound upon his hand a scarlet thread, saying, This came out first.	And it came to pass, when she travailed, that the one put out his hand: and the midwife took and bound upon his hand a scarlet thread, saying, This came out first.	And it came to pass, when she travailed, that the one put out his hand: and the midwife took and bound upon his hand a scarlet thread, saying, This came out first,	And it came to pass, when she travailed, that the one put out his hand: and the midwife took and bound upon his hand a scarlet thread, saying, This came out first.
Genesis	41	56	plurality 2/4	And the famine was over all the face of the earth: And Joseph opened all the storehouses, and sold unto the Egyptians; and the famine waxed sore in the land of Egypt.	And the famine was over all the face of the earth: And Joseph opened all the storehouses, and sold unto the Egyptians; and the famine waxed sore in the land of Egypt.	And the famine was over all the face of the earth: and Joseph opened all the storehouses, and sold unto the Egyptians; and the famine waxed sore in the land of Egypt.	And the famine was over all the face of the earth: and Joseph opened all the storehouses, and sold unto the Egyptians; and the famine waxed sore in the land of Egypt.	And the famine was over all the face of the earth: And Joseph opened all the storehouses, and sold unto the Egyptians; and the famine waxed sore in the land of Egypt.
Genesis	43	34	plurality 3/4	And he took and sent messes unto them from before him: but Benjamin's mess was five times so much as any of theirs. And they drank, and were merry with him.	And he took and sent messes unto them from before him: but Benjamin's mess was five times so much as any of their's. And they drank, and were merry with him.	And he took and sent messes unto them from before him: but Benjamin's mess was five times so much as any of theirs. And they drank, and were merry with him.	And he took and sent messes unto them from before him: but Benjamin's mess was five times so much as any of theirs. And they drank, and were merry with him.	And he took and sent messes unto them from before him: but Benjamin's mess was five times so much as any of theirs. And they drank, and were merry with him.
Genesis	44	10	plurality 3/4	And he said, Now also let it be according unto your words: he with whom it is found shall be my servant; and ye shall be blameless.	And he said, Now also let it be according unto your words: he with whom it is found shall be my servant; and ye shall be blameless.	And he said, Now also let it be according unto your words: he with whom it is found shall be my servant; and ye shall be blameless.	And he said, Now also let it be according unto your words; he with whom it is found shall be my servant; and ye shall be blameless.	And he said, Now also let it be according unto your words: he with whom it is found shall be my servant; and ye shall be blameless.
Genesis	45	20	plurality 3/4	Also regard not your stuff; for the good of all the land of Egypt is yours.	Also regard not your stuff; for the good of all the land of Egypt is your's.	Also regard not your stuff; for the good of all the land of Egypt is yours.	Also regard not your stuff; for the good of all the land of Egypt is yours.	Also regard not your stuff; for the good of all the land of Egypt is yours.
Genesis	46	12	plurality 3/4	And the sons of Judah; Er, and Onan, and Shelah, and Pharez, and Zerah: but Er and Onan died in the land of Canaan. And the sons of Pharez were Hezron and Hamul.	And the sons of Judah; Er, and Onan, and Shelah, and Pharez, and Zerah: but Er and Onan died in the land of Canaan. And the sons of Pharez were Hezron and Hamul.	And the sons of Judah; Er, and Onan, and Shelah, and Pharez, and Zerah: but Er and Onan died in the land of Canaan. And the sons of Pharez were Hezron and Hamul.	And the sons of Judah; Er, and Onan, and Shelah, and Pharez, and Zarah: but Er and Onan died in the land of Canaan. And the sons of Pharez were Hezron and Hamul.	And the sons of Judah; Er, and Onan, and Shelah, and Pharez, and Zerah: but Er and Onan died in the land of Canaan. And the sons of Pharez were Hezron and Hamul.
Genesis	48	7	plurality 2/4	And as for me, when I came from Padan, Rachel died by me in the land of Canaan in the way, when yet there was but a little way to come unto Ephrath: and I buried her there in the way of Ephrath; the same is Beth-lehem.	And as for me, when I came from Padan, Rachel died by me in the land of Canaan in the way, when yet there was but a little way to come unto Ephrath: and I buried her there in the way of Ephrath; the same is Beth-lehem.	And as for me, when I came from Padan, Rachel died by me in the land of Canaan in the way, when yet there was but a little way to come unto Ephrath: and I buried her there in the way of Ephrath; the same is Beth-lehem.	And as for me, when I came from Padan, Rachel died by me in the land of Canaan in the way, when yet there was but a little way to come unto Ephrath: and I buried her there in the way of Ephrath; the same is Bethlehem.	And as for me, when I came from Padan, Rachel died by me in the land of Canaan in the way, when yet there was but a little way to come unto Ephrath: and I buried her there in the way of Ephrath; the same is Beth–lehem.
Genesis	50	23	plurality 3/4	And Joseph saw Ephraim's children of the third generation: the children also of Machir the son of Manasseh were brought up upon Joseph's knees.	And Joseph saw Ephraim's children of the third generation: the children also of Machir the son of Manasseh were brought up upon Joseph's knees.	And Joseph saw Ephraim's children of the third generation: the children also of Machir the son of Manasseh were brought up upon Joseph's knees.	And Joseph saw Ephraim's children of the third generation: the children also of Machir the son Manasseh were brought up upon Joseph's knees.	And Joseph saw Ephraim's children of the third generation: the children also of Machir the son of Manasseh were brought up upon Joseph's knees.
Exodus	6	2	plurality 2/4	And God spake unto Moses, and said unto him, I am the LORD:	And God spake unto Moses, and said unto him, I am the LORD:	And God spake unto Moses, and said unto him, I am the LORD:: or, JEHOVAH	And God spake unto Moses, and said unto him, I am the LORD:	And God spake unto Moses, and said unto him, I am the Lord:
Exodus	9	29	plurality 2/4	And Moses said unto him, As soon as I am gone out of the city, I will spread abroad my hands unto the LORD; and the thunder shall cease, neither shall there be any more hail; that thou mayest know how that the earth is the LORD'S.	And Moses said unto him, As soon as I am gone out of the city, I will spread abroad my hands unto the LORD; and the thunder shall cease, neither shall there be any more hail; that thou mayest know how that the earth is the LORD'S.	And Moses said unto him, As soon as I am gone out of the city, I will spread abroad my hands unto the LORD; and the thunder shall cease, neither shall there be any more hail; that thou mayest know how that the earth is the LORD's.	And Moses said unto him, As soon as I am gone out of the city, I will spread abroad my hands unto the LORD; and the thunder shall cease, neither shall there be any more hail; that thou mayest know how that the earth is the LORD'S.	And Moses said unto him, As soon as I am gone out of the city, I will spread abroad my hands unto the Lord; and the thunder shall cease, neither shall there be any more hail; that thou mayest know how that the earth is the Lord's.
Exodus	12	11	plurality 2/4	And thus shall ye eat it; with your loins girded, your shoes on your feet, and your staff in your hand; and ye shall eat it in haste: it is the LORD'S passover.	And thus shall ye eat it; with your loins girded, your shoes on your feet, and your staff in your hand; and ye shall eat it in haste: it is the LORD'S passover.	And thus shall ye eat it; with your loins girded, your shoes on your feet, and your staff in your hand; and ye shall eat it in haste: it is the LORD's passover.	And thus shall ye eat it; with your loins girded, your shoes on your feet, and your staff in your hand; and ye shall eat it in haste: it is the LORD'S passover.	And thus shall ye eat it; with your loins girded, your shoes on your feet, and your staff in your hand; and ye shall eat it in haste: it is the Lord's passover.
Exodus	12	27	plurality 2/4	That ye shall say, It is the sacrifice of the LORD'S passover, who passed over the houses of the children of Israel in Egypt, when he smote the Egyptians, and delivered our houses. And the people bowed the head and worshipped.	That ye shall say, It is the sacrifice of the LORD'S passover, who passed over the houses of the children of Israel in Egypt, when he smote the Egyptians, and delivered our houses. And the people bowed the head and worshipped.	That ye shall say, It is the sacrifice of the LORD's passover, who passed over the houses of the children of Israel in Egypt, when he smote the Egyptians, and delivered our houses. And the people bowed the head and worshipped.	That ye shall say, It is the sacrifice of the LORD'S passover, who passed over the houses of the children of Israel in Egypt, when he smote the Egyptians, and delivered our houses. And the people bowed the head and worshipped.	That ye shall say, It is the sacrifice of the Lord's passover, who passed over the houses of the children of Israel in Egypt, when he smote the Egyptians, and delivered our houses. And the people bowed the head and worshipped.
Exodus	13	9	plurality 2/4	And it shall be for a sign unto thee upon thine hand, and for a memorial between thine eyes, that the LORD'S law may be in thy mouth: for with a strong hand hath the LORD brought thee out of Egypt.	And it shall be for a sign unto thee upon thine hand, and for a memorial between thine eyes, that the LORD'S law may be in thy mouth: for with a strong hand hath the LORD brought thee out of Egypt.	And it shall be for a sign unto thee upon thine hand, and for a memorial between thine eyes, that the LORD's law may be in thy mouth: for with a strong hand hath the LORD brought thee out of Egypt.	And it shall be for a sign unto thee upon thine hand, and for a memorial between thine eyes, that the LORD'S law may be in thy mouth: for with a strong hand hath the LORD brought thee out of Egypt.	And it shall be for a sign unto thee upon thine hand, and for a memorial between thine eyes, that the Lord's law may be in thy mouth: for with a strong hand hath the Lord brought thee out of Egypt.
Exodus	13	12	plurality 2/4	That thou shalt set apart unto the LORD all that openeth the matrix, and every firstling that cometh of a beast which thou hast; the males shall be the LORD'S.	That thou shalt set apart unto the LORD all that openeth the matrix, and every firstling that cometh of a beast which thou hast; the males shall be the LORD'S.	That thou shalt set apart unto the LORD all that openeth the matrix, and every firstling that cometh of a beast which thou hast; the males shall be the LORD's.	That thou shalt set apart unto the LORD all that openeth the matrix, and every firstling that cometh of a beast which thou hast; the males shall be the LORD'S.	That thou shalt set apart unto the Lord all that openeth the matrix, and every firstling that cometh of a beast which thou hast; the males shall be the Lord's.
Exodus	17	15	plurality 2/4	And Moses built an altar, and called the name of it Jehovah-nissi:	And Moses built an altar, and called the name of it Jehovah-nissi:	And Moses built an altar, and called the name of it Jehovah-nissi: my banner	And Moses built an altar, and called the name of it Jehovah-nissi:	And Moses built an altar, and called the name of it JEHOVAH–nissi:
Exodus	17	16	plurality 2/4	For he said, Because the LORD hath sworn that the LORD will have war with Amalek from generation to generation.	For he said, Because the LORD hath sworn that the LORD will have war with Amalek from generation to generation.	For he said, Because the LORD hath sworn that the LORD will have war with Amalek from generation to generation., therefore, etc hath…: Heb. the hand upon the throne of the LORD	For he said, Because the LORD hath sworn that the LORD will have war with Amalek from generation to generation.	For he said, Because the Lord hath sworn that the Lord will have war with Amalek from generation to generation.
Exodus	23	23	plurality 3/4	For mine Angel shall go before thee, and bring thee in unto the Amorites, and the Hittites, and the Perizzites, and the Canaanites, the Hivites, and the Jebusites: and I will cut them off.	For mine Angel shall go before thee, and bring thee in unto the Amorites, and the Hittites, and the Perizzites, and the Canaanites, the Hivites, and the Jebusites: and I will cut them off.	For mine Angel shall go before thee, and bring thee in unto the Amorites, and the Hittites, and the Perizzites, and the Canaanites, the Hivites, and the Jebusites: and I will cut them off.	For mine Angel shall go before thee, and bring thee in unto the Amorites, and the Hittites, and the Perizzites, and the Canaanites, and the Hivites, and the Jebusites: and I will cut them off.	For mine Angel shall go before thee, and bring thee in unto the Amorites, and the Hittites, and the Perizzites, and the Canaanites, the Hivites, and the Jebusites: and I will cut them off.
Exodus	25	4	plurality 3/4	And blue, and purple, and scarlet, and fine linen, and goats' hair,	And blue, and purple, and scarlet, and fine linen, and goats' hair,	And blue, and purple, and scarlet, and fine linen, and goats' hair,	And blue, and purple, and scarlet, and fine linen, and goats hair,	And blue, and purple, and scarlet, and fine linen, and goats' hair,
Exodus	25	20	plurality 3/4	And the cherubims shall stretch forth their wings on high, covering the mercy seat with their wings, and their faces shall look one to another; toward the mercy seat shall the faces of the cherubims be.	And the cherubims shall stretch forth their wings on high, covering the mercy seat with their wings, and their faces shall look one to another; toward the mercy seat shall the faces of the cherubims be.	And the cherubims shall stretch forth their wings on high, covering the mercy seat with their wings, and their faces shall look one to another; toward the mercy seat shall the faces of the cherubims be.	And the cherubim shall stretch forth their wings on high, covering the mercy seat with their wings, and their faces shall look one to another; toward the mercy seat shall the faces of the cherubims be.	And the cherubims shall stretch forth their wings on high, covering the mercy seat with their wings, and their faces shall look one to another; toward the mercy seat shall the faces of the cherubims be.
Exodus	26	14	plurality 3/4	And thou shalt make a covering for the tent of rams' skins dyed red, and a covering above of badgers' skins.	And thou shalt make a covering for the tent of rams' skins dyed red, and a covering above of badgers' skins.	And thou shalt make a covering for the tent of rams' skins dyed red, and a covering above of badgers' skins.	And thou shalt make a covering for the tent of rams' skins dyed red, and a covering above of badgers skins.	And thou shalt make a covering for the tent of rams' skins dyed red, and a covering above of badgers' skins.
Exodus	29	9	plurality 3/4	And thou shalt gird them with girdles, Aaron and his sons, and put the bonnets on them: and the priest's office shall be theirs for a perpetual statute: and thou shalt consecrate Aaron and his sons.	And thou shalt gird them with girdles, Aaron and his sons, and put the bonnets on them: and the priest's office shall be their's for a perpetual statute: and thou shalt consecrate Aaron and his sons.	And thou shalt gird them with girdles, Aaron and his sons, and put the bonnets on them: and the priest's office shall be theirs for a perpetual statute: and thou shalt consecrate Aaron and his sons.	And thou shalt gird them with girdles, Aaron and his sons, and put the bonnets on them: and the priest's office shall be theirs for a perpetual statute: and thou shalt consecrate Aaron and his sons.	And thou shalt gird them with girdles, Aaron and his sons, and put the bonnets on them: and the priest's office shall be theirs for a perpetual statute: and thou shalt consecrate Aaron and his sons.
Exodus	32	11	plurality 2/4	And Moses besought the LORD his God, and said, LORD, why doth thy wrath wax hot against thy people, which thou hast brought forth out of the land of Egypt with great power, and with a mighty hand?	And Moses besought the LORD his God, and said, LORD, why doth thy wrath wax hot against thy people, which thou hast brought forth out of the land of Egypt with great power, and with a mighty hand?	And Moses besought the LORD his God, and said, LORD, why doth thy wrath wax hot against thy people, which thou hast brought forth out of the land of Egypt with great power, and with a mighty hand?: Heb. the face of the LORD	And Moses besought the LORD his God, and said, LORD, why doth thy wrath wax hot against thy people, which thou hast brought forth out of the land of Egypt with great power, and with a mighty hand?	And Moses besought the Lord his God, and said, Lord, why doth thy wrath wax hot against thy people, which thou hast brought forth out of the land of Egypt with great power, and with a mighty hand?
Exodus	32	26	plurality 2/4	Then Moses stood in the gate of the camp, and said, Who is on the LORD'S side? let him come unto me. And all the sons of Levi gathered themselves together unto him.	Then Moses stood in the gate of the camp, and said, Who is on the LORD'S side? let him come unto me. And all the sons of Levi gathered themselves together unto him.	Then Moses stood in the gate of the camp, and said, Who is on the LORD's side? let him come unto me. And all the sons of Levi gathered themselves together unto him.	Then Moses stood in the gate of the camp, and said, Who is on the LORD'S side? let him come unto me. And all the sons of Levi gathered themselves together unto him.	Then Moses stood in the gate of the camp, and said, Who is on the Lord's side? let him come unto me. And all the sons of Levi gathered themselves together unto him.
Exodus	32	29	plurality 2/4	For Moses had said, Consecrate yourselves to day to the LORD, even every man upon his son, and upon his brother; that he may bestow upon you a blessing this day.	For Moses had said, Consecrate yourselves to day to the LORD, even every man upon his son, and upon his brother; that he may bestow upon you a blessing this day.	For Moses had said, Consecrate yourselves to day to the LORD, even every man upon his son, and upon his brother; that he may bestow upon you a blessing this day., because every man hath been against his brother, etc	For Moses had said, Consecrate yourselves to day to the LORD, even every man upon his son, and upon his brother; that he may bestow upon you a blessing this day.	For Moses had said, Consecrate yourselves to day to the Lord, even every man upon his son, and upon his brother; that he may bestow upon you a blessing this day.
Exodus	32	32	plurality 3/4	Yet now, if thou wilt forgive their sin—; and if not, blot me, I pray thee, out of thy book which thou hast written.	Yet now, if thou wilt forgive their sin--; and if not, blot me, I pray thee, out of thy book which thou hast written.	Yet now, if thou wilt forgive their sin—; and if not, blot me, I pray thee, out of thy book which thou hast written.	Yet now, if thou wilt forgive their sin—; and if not, blot me, I pray thee, out of thy book which thou hast written.	Yet now, if thou wilt forgive their sin—; and if not, blot me, I pray thee, out of thy book which thou hast written.
Exodus	35	21	plurality 2/4	And they came, every one whose heart stirred him up, and every one whom his spirit made willing, and they brought the LORD'S offering to the work of the tabernacle of the congregation, and for all his service, and for the holy garments.	And they came, every one whose heart stirred him up, and every one whom his spirit made willing, and they brought the LORD'S offering to the work of the tabernacle of the congregation, and for all his service, and for the holy garments.	And they came, every one whose heart stirred him up, and every one whom his spirit made willing, and they brought the LORD's offering to the work of the tabernacle of the congregation, and for all his service, and for the holy garments.	And they came, every one whose heart stirred him up, and every one whom his spirit made willing, and they brought the LORD'S offering to the work of the tabernacle of the congregation, and for all his service, and for the holy garments.	And they came, every one whose heart stirred him up, and every one whom his spirit made willing, and they brought the Lord's offering to the work of the tabernacle of the congregation, and for all his service, and for the holy garments.
Exodus	35	24	plurality 2/4	Every one that did offer an offering of silver and brass brought the LORD'S offering: and every man, with whom was found shittim wood for any work of the service, brought it.	Every one that did offer an offering of silver and brass brought the LORD'S offering: and every man, with whom was found shittim wood for any work of the service, brought it.	Every one that did offer an offering of silver and brass brought the LORD's offering: and every man, with whom was found shittim wood for any work of the service, brought it.	Every one that did offer an offering of silver and brass brought the LORD'S offering: and every man, with whom was found shittim wood for any work of the service, brought it.	Every one that did offer an offering of silver and brass brought the Lord's offering: and every man, with whom was found shittim wood for any work of the service, brought it.
Exodus	39	43	plurality 2/4	And Moses did look upon all the work, and, behold, they had done it as the LORD had commanded, even so had they done it: and Moses blessed them.	And Moses did look upon all the work, and, behold, they had done it as the LORD had commanded, even so had they done it: and Moses blessed them.	And Moses did look upon all the work, and, behold, they had done it as the LORD had commanded, even so had they done it: and Moses blessed them.	And Moses did look upon all the work, and, behold, they have done it as the LORD had commanded, even so had they done it: and Moses blessed them.	And Moses did look upon all the work, and, behold, they had done it as the Lord had commanded, even so had they done it: and Moses blessed them.
Leviticus	2	3	plurality 2/4	And the remnant of the meat offering shall be Aaron's and his sons': it is a thing most holy of the offerings of the LORD made by fire.	And the remnant of the meat offering shall be Aaron's and his sons': it is a thing most holy of the offerings of the LORD made by fire.	And the remnant of the meat offering shall be Aaron's and his sons': it is a thing most holy of the offerings of the LORD made by fire.	And the remnant of the meat offerings shall be Aaron's and his sons': it is a thing most holy of the offerings of the LORD made by fire.	And the remnant of the meat offering shall be Aaron's and his sons': it is a thing most holy of the offerings of the Lord made by fire.
Leviticus	2	7	plurality 3/4	And if thy oblation be a meat offering baken in the fryingpan, it shall be made of fine flour with oil.	And if thy oblation be a meat offering baken in the fryingpan, it shall be made of fine flour with oil.	And if thy oblation be a meat offering baken in the fryingpan, it shall be made of fine flour with oil.	And if thy oblation be a meat offering baken in the frying pan, it shall be made of fine flour with oil.	And if thy oblation be a meat offering baken in the fryingpan, it shall be made of fine flour with oil.
Leviticus	3	16	plurality 2/4	And the priest shall burn them upon the altar: it is the food of the offering made by fire for a sweet savour: all the fat is the LORD'S.	And the priest shall burn them upon the altar: it is the food of the offering made by fire for a sweet savour: all the fat is the LORD'S.	And the priest shall burn them upon the altar: it is the food of the offering made by fire for a sweet savour: all the fat is the LORD's.	And the priest shall burn them upon the altar: it is the food of the offering made by fire for a sweet savour: all the fat is the LORD'S.	And the priest shall burn them upon the altar: it is the food of the offering made by fire for a sweet savour: all the fat is the Lord's.
Leviticus	4	7	plurality 2/4	And the priest shall put some of the blood upon the horns of the altar of sweet incense before the LORD, which is in the tabernacle of the congregation; and shall pour all the blood of the bullock at the bottom of the altar of the burnt offering, which is at the door of the tabernacle of the congregation.	And the priest shall put some of the blood upon the horns of the altar of sweet incense before the LORD, which is in the tabernacle of the congregation; and shall pour all the blood of the bullock at the bottom of the altar of the burnt offering, which is at the door of the tabernacle of the congregation.	And the priest shall put some of the blood upon the horns of the altar of sweet incense before the LORD, which is in the tabernacle of the congregation; and shall pour all the blood of the bullock at the bottom of the altar of the burnt offering, which is at the door of the tabernacle of the congregation.	And the priest shall put some of the blood upon the horns of the altar of sweet incense before the LORD, which is in the tabernacle of the congregation: and shall pour all the blood of the bullock at the bottom of the altar of the burnt offering, which is at the door of the tabernacle of the congregation.	And the priest shall put some of the blood upon the horns of the altar of sweet incense before the Lord, which is in the tabernacle of the congregation; and shall pour all the blood of the bullock at the bottom of the altar of the burnt offering, which is at the door of the tabernacle of the congregation.
Leviticus	4	33	plurality 3/4	And he shall lay his hand upon the head of the sin offering, and slay it for a sin offering in the place where they kill the burnt offering.	And he shall lay his hand upon the head of the sin offering, and slay it for a sin offering in the place where they kill the burnt offering.	And he shall lay his hand upon the head of the sin offering, and slay it for a sin offering in the place where they kill the burnt offering.	And he shall lay his hand upon the head of the sin offering, and slay it for a sin offering in the place where they kill the burnt offering	And he shall lay his hand upon the head of the sin offering, and slay it for a sin offering in the place where they kill the burnt offering.
Leviticus	6	22	plurality 2/4	And the priest of his sons that is anointed in his stead shall offer it: it is a statute for ever unto the LORD; it shall be wholly burnt.	And the priest of his sons that is anointed in his stead shall offer it: it is a statute for ever unto the LORD; it shall be wholly burnt.	And the priest of his sons that is anointed in his stead shall offer it: it is a statute for ever unto the LORD; it shall be wholly burnt.	And the priest of his sons that is anointed in his stead shall offer it: it is a statute for ever unto the LORD, it shall be wholly burnt.	And the priest of his sons that is anointed in his stead shall offer it: it is a statute for ever unto the Lord; it shall be wholly burnt.
Leviticus	8	16	plurality 3/4	And he took all the fat that was upon the inwards, and the caul above the liver, and the two kidneys, and their fat, and Moses burned it upon the altar.	And he took all the fat that was upon the inwards, and the caul above the liver, and the two kidneys, and their fat, and Moses burned it upon the altar.	And he took all the fat that was upon the inwards, and the caul above the liver, and the two kidneys, and their fat, and Moses burned it upon the altar.	And he took all the fat that was upon the inwards, and caul above the liver, and the two kidneys, and their fat, and Moses burned it upon the altar.	And he took all the fat that was upon the inwards, and the caul above the liver, and the two kidneys, and their fat, and Moses burned it upon the altar.
Leviticus	13	2	plurality 3/4	When a man shall have in the skin of his flesh a rising, a scab, or bright spot, and it be in the skin of his flesh like the plague of leprosy; then he shall be brought unto Aaron the priest, or unto one of his sons the priests:	When a man shall have in the skin of his flesh a rising, a scab, or bright spot, and it be in the skin of his flesh like the plague of leprosy; then he shall be brought unto Aaron the priest, or unto one of his sons the priests:	When a man shall have in the skin of his flesh a rising, a scab, or bright spot, and it be in the skin of his flesh like the plague of leprosy; then he shall be brought unto Aaron the priest, or unto one of his sons the priests:	When a man shall have in the skin of his flesh a rising, a scab, or a bright spot, and it be in the skin of his flesh like the plague of leprosy; then he shall be brought unto Aaron the priest, or unto one of his sons the priests:	When a man shall have in the skin of his flesh a rising, a scab, or bright spot, and it be in the skin of his flesh like the plague of leprosy; then he shall be brought unto Aaron the priest, or unto one of his sons the priests:
Leviticus	16	9	plurality 2/4	And Aaron shall bring the goat upon which the LORD'S lot fell, and offer him for a sin offering.	And Aaron shall bring the goat upon which the LORD'S lot fell, and offer him for a sin offering.	And Aaron shall bring the goat upon which the LORD's lot fell, and offer him for a sin offering.	And Aaron shall bring the goat upon which the LORD'S lot fell, and offer him for a sin offering.	And Aaron shall bring the goat upon which the Lord's lot fell, and offer him for a sin offering.
Leviticus	17	8	plurality 3/4	And thou shalt say unto them, Whatsoever man there be of the house of Israel, or of the strangers which sojourn among you, that offereth a burnt offering or sacrifice,	And thou shalt say unto them, Whatsoever man there be of the house of Israel, or of the strangers which sojourn among you, that offereth a burnt offering or sacrifice,	And thou shalt say unto them, Whatsoever man there be of the house of Israel, or of the strangers which sojourn among you, that offereth a burnt offering or sacrifice,	And thou shalt say unto them, Whatsoever man there be of the house of Israel, or of the strangers which sojourn among you, that offereth a burnt offering of sacrifice,	And thou shalt say unto them, Whatsoever man there be of the house of Israel, or of the strangers which sojourn among you, that offereth a burnt offering or sacrifice,
Leviticus	18	10	plurality 3/4	The nakedness of thy son's daughter, or of thy daughter's daughter, even their nakedness thou shalt not uncover: for theirs is thine own nakedness.	The nakedness of thy son's daughter, or of thy daughter's daughter, even their nakedness thou shalt not uncover: for their's is thine own nakedness.	The nakedness of thy son's daughter, or of thy daughter's daughter, even their nakedness thou shalt not uncover: for theirs is thine own nakedness.	The nakedness of thy son's daughter, or of thy daughter's daughter, even their nakedness thou shalt not uncover: for theirs is thine own nakedness.	The nakedness of thy son's daughter, or of thy daughter's daughter, even their nakedness thou shalt not uncover: for theirs is thine own nakedness.
Leviticus	23	5	plurality 2/4	In the fourteenth day of the first month at even is the LORD'S passover.	In the fourteenth day of the first month at even is the LORD'S passover.	In the fourteenth day of the first month at even is the LORD's passover.	In the fourteenth day of the first month at even is the LORD'S passover.	In the fourteenth day of the first month at even is the Lord's passover.
Leviticus	23	20	plurality 2/4	And the priest shall wave them with the bread of the firstfruits for a wave offering before the LORD, with the two lambs: they shall be holy to the LORD for the priest.	And the priest shall wave them with the bread of the firstfruits for a wave offering before the LORD, with the two lambs: they shall be holy to the LORD for the priest.	And the priest shall wave them with the bread of the firstfruits for a wave offering before the LORD, with the two lambs: they shall be holy to the LORD for the priest.	And the priest shall wave them with the bread of the first fruits for a wave offering before the LORD, with the two lambs: they shall be holy to the LORD for the priest.	And the priest shall wave them with the bread of the firstfruits for a wave offering before the Lord, with the two lambs: they shall be holy to the Lord for the priest.
Leviticus	27	26	plurality 2/4	Only the firstling of the beasts, which should be the LORD'S firstling, no man shall sanctify it; whether it be ox, or sheep: it is the LORD'S.	Only the firstling of the beasts, which should be the LORD'S firstling, no man shall sanctify it; whether it be ox, or sheep: it is the LORD'S.	Only the firstling of the beasts, which should be the LORD's firstling, no man shall sanctify it; whether it be ox, or sheep: it is the LORD's.	Only the firstling of the beasts, which should be the LORD'S firstling, no man shall sanctify it; whether it be ox, or sheep: it is the LORD'S.	Only the firstling of the beasts, which should be the Lord's firstling, no man shall sanctify it; whether it be ox, or sheep: it is the Lord's.
Leviticus	27	30	plurality 2/4	And all the tithe of the land, whether of the seed of the land, or of the fruit of the tree, is the LORD'S: it is holy unto the LORD.	And all the tithe of the land, whether of the seed of the land, or of the fruit of the tree, is the LORD'S: it is holy unto the LORD.	And all the tithe of the land, whether of the seed of the land, or of the fruit of the tree, is the LORD's: it is holy unto the LORD.	And all the tithe of the land, whether of the seed of the land, or of the fruit of the tree, is the LORD'S: it is holy unto the LORD.	And all the tithe of the land, whether of the seed of the land, or of the fruit of the tree, is the Lord's: it is holy unto the Lord.
Numbers	4	14	plurality 3/4	And they shall put upon it all the vessels thereof, wherewith they minister about it, even the censers, the fleshhooks, and the shovels, and the basons, all the vessels of the altar; and they shall spread upon it a covering of badgers' skins, and put to the staves of it.	And they shall put upon it all the vessels thereof, wherewith they minister about it, even the censers, the fleshhooks, and the shovels, and the basons, all the vessels of the altar; and they shall spread upon it a covering of badgers' skins, and put to the staves of it.	And they shall put upon it all the vessels thereof, wherewith they minister about it, even the censers, the fleshhooks, and the shovels, and the basons, all the vessels of the altar; and they shall spread upon it a covering of badgers' skins, and put to the staves of it.	And they shall put upon it all the vessels thereof, wherewith they minister about it, even the censers, the fleshhooks, and the shovels, and the basons, all the vessels of the altar; and they shall spread upon it a covering of badgers skins, and put to the staves of it.	And they shall put upon it all the vessels thereof, wherewith they minister about it, even the censers, the fleshhooks, and the shovels, and the basons, all the vessels of the altar; and they shall spread upon it a covering of badgers' skins, and put to the staves of it.
Numbers	7	52	plurality 3/4	One kid of the goats for a sin offering:	One kid of the goats for a sin offering:	One kid of the goats for a sin offering:	one kid of the goats for a sin offering:	One kid of the goats for a sin offering:
Numbers	11	23	plurality 2/4	And the LORD said unto Moses, Is the LORD'S hand waxed short? thou shalt see now whether my word shall come to pass unto thee or not.	And the LORD said unto Moses, Is the LORD'S hand waxed short? thou shalt see now whether my word shall come to pass unto thee or not.	And the LORD said unto Moses, Is the LORD's hand waxed short? thou shalt see now whether my word shall come to pass unto thee or not.	And the LORD said unto Moses, Is the LORD'S hand waxed short? thou shalt see now whether my word shall come to pass unto thee or not.	And the Lord said unto Moses, Is the Lord's hand waxed short? thou shalt see now whether my word shall come to pass unto thee or not.
Numbers	11	29	plurality 2/4	And Moses said unto him, Enviest thou for my sake? would God that all the LORD'S people were prophets, and that the LORD would put his spirit upon them!	And Moses said unto him, Enviest thou for my sake? would God that all the LORD'S people were prophets, and that the LORD would put his spirit upon them!	And Moses said unto him, Enviest thou for my sake? would God that all the LORD's people were prophets, and that the LORD would put his spirit upon them!	And Moses said unto him, Enviest thou for my sake? would God that all the LORD'S people were prophets, and that the LORD would put his spirit upon them!	And Moses said unto him, Enviest thou for my sake? would God that all the Lord's people were prophets, and that the Lord would put his spirit upon them!
Numbers	14	14	plurality 2/4	And they will tell it to the inhabitants of this land: for they have heard that thou LORD art among this people, that thou LORD art seen face to face, and that thy cloud standeth over them, and that thou goest before them, by day time in a pillar of a cloud, and in a pillar of fire by night.	And they will tell it to the inhabitants of this land: for they have heard that thou LORD art among this people, that thou LORD art seen face to face, and that thy cloud standeth over them, and that thou goest before them, by day time in a pillar of a cloud, and in a pillar of fire by night.	And they will tell it to the inhabitants of this land: for they have heard that thou LORD art among this people, that thou LORD art seen face to face, and that thy cloud standeth over them, and that thou goest before them, by day time in a pillar of a cloud, and in a pillar of fire by night.	And they will tell it to the inhabitants of this land: for they have heard that thou LORD art among this people, that thou LORD art seen face to face, and that thy cloud standeth over them, and that thou goest before them, by daytime in a pillar of a cloud, and in a pillar of fire by night.	And they will tell it to the inhabitants of this land: for they have heard that thou Lord art among this people, that thou Lord art seen face to face, and that thy cloud standeth over them, and that thou goest before them, by day time in a pillar of a cloud, and in a pillar of fire by night.
Numbers	16	26	plurality 3/4	And he spake unto the congregation, saying, Depart, I pray you, from the tents of these wicked men, and touch nothing of theirs, lest ye be consumed in all their sins.	And he spake unto the congregation, saying, Depart, I pray you, from the tents of these wicked men, and touch nothing of their's, lest ye be consumed in all their sins.	And he spake unto the congregation, saying, Depart, I pray you, from the tents of these wicked men, and touch nothing of theirs, lest ye be consumed in all their sins.	And he spake unto the congregation, saying, Depart, I pray you, from the tents of these wicked men, and touch nothing of theirs, lest ye be consumed in all their sins.	And he spake unto the congregation, saying, Depart, I pray you, from the tents of these wicked men, and touch nothing of theirs, lest ye be consumed in all their sins.
Numbers	18	9	plurality 3/4	This shall be thine of the most holy things, reserved from the fire: every oblation of theirs, every meat offering of theirs, and every sin offering of theirs, and every trespass offering of theirs, which they shall render unto me, shall be most holy for thee and for thy sons.	This shall be thine of the most holy things, reserved from the fire: every oblation of their's, every meat offering of their's, and every sin offering of their's, and every trespass offering of their's, which they shall render unto me, shall be most holy for thee and for thy sons.	This shall be thine of the most holy things, reserved from the fire: every oblation of theirs, every meat offering of theirs, and every sin offering of theirs, and every trespass offering of theirs, which they shall render unto me, shall be most holy for thee and for thy sons.	This shall be thine of the most holy things, reserved from the fire: every oblation of theirs, every meat offering of theirs, and every sin offering of theirs, and every trespass offering of theirs, which they shall render unto me, shall be most holy for thee and for thy sons.	This shall be thine of the most holy things, reserved from the fire: every oblation of theirs, every meat offering of theirs, and every sin offering of theirs, and every trespass offering of theirs, which they shall render unto me, shall be most holy for thee and for thy sons.
Numbers	18	28	plurality 2/4	Thus ye also shall offer an heave offering unto the LORD of all your tithes, which ye receive of the children of Israel; and ye shall give thereof the LORD'S heave offering to Aaron the priest.	Thus ye also shall offer an heave offering unto the LORD of all your tithes, which ye receive of the children of Israel; and ye shall give thereof the LORD'S heave offering to Aaron the priest.	Thus ye also shall offer an heave offering unto the LORD of all your tithes, which ye receive of the children of Israel; and ye shall give thereof the LORD's heave offering to Aaron the priest.	Thus ye also shall offer an heave offering unto the LORD of all your tithes, which ye receive of the children of Israel; and ye shall give thereof the LORD'S heave offering to Aaron the priest.	Thus ye also shall offer an heave offering unto the Lord of all your tithes, which ye receive of the children of Israel; and ye shall give thereof the Lord's heave offering to Aaron the priest.
Numbers	23	15	plurality 2/4	And he said unto Balak, Stand here by thy burnt offering, while I meet the LORD yonder.	And he said unto Balak, Stand here by thy burnt offering, while I meet the LORD yonder.	And he said unto Balak, Stand here by thy burnt offering, while I meet the Lord yonder.	And he said unto Balak, Stand here by thy burnt offering, while I meet the LORD yonder.	And he said unto Balak, Stand here by thy burnt offering, while I meet the Lord yonder.
Numbers	31	37	plurality 2/4	And the LORD'S tribute of the sheep was six hundred and threescore and fifteen.	And the LORD'S tribute of the sheep was six hundred and threescore and fifteen.	And the LORD's tribute of the sheep was six hundred and threescore and fifteen.	And the LORD'S tribute of the sheep was six hundred and threescore and fifteen.	And the Lord's tribute of the sheep was six hundred and threescore and fifteen.
Numbers	31	38	plurality 2/4	And the beeves were thirty and six thousand; of which the LORD'S tribute was threescore and twelve.	And the beeves were thirty and six thousand; of which the LORD'S tribute was threescore and twelve.	And the beeves were thirty and six thousand; of which the LORD's tribute was threescore and twelve.	And the beeves were thirty and six thousand; of which the LORD'S tribute was threescore and twelve.	And the beeves were thirty and six thousand; of which the Lord's tribute was threescore and twelve.
Numbers	31	39	plurality 2/4	And the asses were thirty thousand and five hundred; of which the LORD'S tribute was threescore and one.	And the asses were thirty thousand and five hundred; of which the LORD'S tribute was threescore and one.	And the asses were thirty thousand and five hundred; of which the LORD's tribute was threescore and one.	And the asses were thirty thousand and five hundred; of which the LORD'S tribute was threescore and one.	And the asses were thirty thousand and five hundred; of which the Lord's tribute was threescore and one.
Numbers	31	40	plurality 2/4	And the persons were sixteen thousand; of which the LORD'S tribute was thirty and two persons.	And the persons were sixteen thousand; of which the LORD'S tribute was thirty and two persons.	And the persons were sixteen thousand; of which the LORD's tribute was thirty and two persons.	And the persons were sixteen thousand; of which the LORD'S tribute was thirty and two persons.	And the persons were sixteen thousand; of which the Lord's tribute was thirty and two persons.
Numbers	31	41	plurality 2/4	And Moses gave the tribute, which was the LORD'S heave offering, unto Eleazar the priest, as the LORD commanded Moses.	And Moses gave the tribute, which was the LORD'S heave offering, unto Eleazar the priest, as the LORD commanded Moses.	And Moses gave the tribute, which was the LORD's heave offering, unto Eleazar the priest, as the LORD commanded Moses.	And Moses gave the tribute, which was the LORD'S heave offering, unto Eleazar the priest, as the LORD commanded Moses.	And Moses gave the tribute, which was the Lord's heave offering, unto Eleazar the priest, as the Lord commanded Moses.
Numbers	31	53	plurality 2/4	(For the men of war had taken spoil, every man for himself.)	(For the men of war had taken spoil, every man for himself.)	( For the men of war had taken spoil, every man for himself.)	( For the men of war had taken spoil, every man for himself.)	(For the men of war had taken spoil, every man for himself.)
Numbers	32	10	plurality 2/4	And the LORD'S anger was kindled the same time, and he sware, saying,	And the LORD'S anger was kindled the same time, and he sware, saying,	And the LORD's anger was kindled the same time, and he sware, saying,	And the LORD'S anger was kindled the same time, and he sware, saying,	And the Lord's anger was kindled the same time, and he sware, saying,
Numbers	32	13	plurality 2/4	And the LORD'S anger was kindled against Israel, and he made them wander in the wilderness forty years, until all the generation, that had done evil in the sight of the LORD, was consumed.	And the LORD'S anger was kindled against Israel, and he made them wander in the wilderness forty years, until all the generation, that had done evil in the sight of the LORD, was consumed.	And the LORD's anger was kindled against Israel, and he made them wander in the wilderness forty years, until all the generation, that had done evil in the sight of the LORD, was consumed.	And the LORD'S anger was kindled against Israel, and he made them wander in the wilderness forty years, until all the generation, that had done evil in the sight of the LORD, was consumed.	And the Lord's anger was kindled against Israel, and he made them wander in the wilderness forty years, until all the generation, that had done evil in the sight of the Lord, was consumed.
Numbers	32	32	plurality 2/4	We will pass over armed before the LORD into the land of Canaan, that the possession of our inheritance on this side Jordan may be ours.	We will pass over armed before the LORD into the land of Canaan, that the possession of our inheritance on this side Jordan may be our's.	We will pass over armed before the LORD into the land of Canaan, that the possession of our inheritance on this side Jordan may be ours.	We will pass over armed before the LORD into the land of Canaan, that the possession of our inheritance on this side Jordan may be ours.	We will pass over armed before the Lord into the land of Canaan, that the possession of our inheritance on this side Jordan may be ours.
Numbers	35	5	plurality 3/4	And ye shall measure from without the city on the east side two thousand cubits, and on the south side two thousand cubits, and on the west side two thousand cubits, and on the north side two thousand cubits; and the city shall be in the midst: this shall be to them the suburbs of the cities.	And ye shall measure from without the city on the east side two thousand cubits, and on the south side two thousand cubits, and on the west side two thousand cubits, and on the north side two thousand cubits; and the city shall be in the midst: this shall be to them the suburbs of the cities.	And ye shall measure from without the city on the east side two thousand cubits, and on the south side two thousand cubits, and on the west side two thousand cubits, and on the north side two thousand cubits; and the city shall be in the midst: this shall be to them the suburbs of the cities.	And ye shall measure from without the city on the east side two thousand cubits, and on the south side two thousand cubits, and on the west side two thousand cubits, and on the north side two thousand cubits and the city shall be in the midst: this shall be to them the suburbs of the cities.	And ye shall measure from without the city on the east side two thousand cubits, and on the south side two thousand cubits, and on the west side two thousand cubits, and on the north side two thousand cubits; and the city shall be in the midst: this shall be to them the suburbs of the cities.
Deuteronomy	1	2	plurality 2/4	( There are eleven days' journey from Horeb by the way of mount Seir unto Kadesh-barnea.)	(There are eleven days' journey from Horeb by the way of mount Seir unto Kadesh-barnea.)	( There are eleven days' journey from Horeb by the way of mount Seir unto Kadesh-barnea.)	( There are eleven days' journey from Horeb by the way of mount Seir unto Kadesh-barnea.)	(There are eleven days' journey from Horeb by the way of mount Seir unto Kadesh–barnea.)
Deuteronomy	1	23	plurality 3/4	And the saying pleased me well: and I took twelve men of you, one of a tribe:	And the saying pleased me well: and I took twelve men of you, one of a tribe:	And the saying pleased me well: and I took twelve men of you, one of a tribe:	and the saying pleased me well: and I took twelve men of you, one of a tribe:	And the saying pleased me well: and I took twelve men of you, one of a tribe:
Deuteronomy	2	5	plurality 3/4	Meddle not with them; for I will not give you of their land, no, not so much as a foot breadth; because I have given mount Seir unto Esau for a possession.	Meddle not with them; for I will not give you of their land, no, not so much as a foot breadth; because I have given mount Seir unto Esau for a possession.	Meddle not with them; for I will not give you of their land, no, not so much as a foot breadth; because I have given mount Seir unto Esau for a possession.	Meddle not with them; for I will not give you of their land, no, not so much as a footbreadth; because I have given mount Seir unto Esau for a possession.	Meddle not with them; for I will not give you of their land, no, not so much as a foot breadth; because I have given mount Seir unto Esau for a possession.
Deuteronomy	3	9	plurality 2/4	(Which Hermon the Sidonians call Sirion; and the Amorites call it Shenir;)	(Which Hermon the Sidonians call Sirion; and the Amorites call it Shenir;)	( Which Hermon the Sidonians call Sirion; and the Amorites call it Shenir;)	( Which Hermon the Sidonians call Sirion; and the Amorites call it Shenir;)	(Which Hermon the Sidonians call Sirion; and the Amorites call it Shenir;)
Deuteronomy	3	19	plurality 2/4	But your wives, and your little ones, and your cattle, (for I know that ye have much cattle,) shall abide in your cities which I have given you;	But your wives, and your little ones, and your cattle, (for I know that ye have much cattle,) shall abide in your cities which I have given you;	But your wives, and your little ones, and your cattle, ( for I know that ye have much cattle,) shall abide in your cities which I have given you;	But your wives, and your little ones, and your cattle, ( for I know that ye have much cattle,) shall abide in your cities which I have given you;	But your wives, and your little ones, and your cattle, (for I know that ye have much cattle,) shall abide in your cities which I have given you;
Deuteronomy	10	14	plurality 2/4	Behold, the heaven and the heaven of heavens is the LORD'S thy God, the earth also, with all that therein is.	Behold, the heaven and the heaven of heavens is the LORD'S thy God, the earth also, with all that therein is.	Behold, the heaven and the heaven of heavens is the LORD's thy God, the earth also, with all that therein is.	Behold, the heaven and the heaven of heavens is the LORD'S thy God, the earth also, with all that therein is.	Behold, the heaven and the heaven of heavens is the Lord's thy God, the earth also, with all that therein is.
Deuteronomy	11	17	plurality 2/4	And then the LORD'S wrath be kindled against you, and he shut up the heaven, that there be no rain, and that the land yield not her fruit; and lest ye perish quickly from off the good land which the LORD giveth you.	And then the LORD'S wrath be kindled against you, and he shut up the heaven, that there be no rain, and that the land yield not her fruit; and lest ye perish quickly from off the good land which the LORD giveth you.	And then the LORD's wrath be kindled against you, and he shut up the heaven, that there be no rain, and that the land yield not her fruit; and lest ye perish quickly from off the good land which the LORD giveth you.	And then the LORD'S wrath be kindled against you, and he shut up the heaven, that there be no rain, and that the land yield not her fruit; and lest ye perish quickly from off the good land which the LORD giveth you.	And then the Lord's wrath be kindled against you, and he shut up the heaven, that there be no rain, and that the land yield not her fruit; and lest ye perish quickly from off the good land which the Lord giveth you.
Deuteronomy	11	24	plurality 3/4	Every place whereon the soles of your feet shall tread shall be yours: from the wilderness and Lebanon, from the river, the river Euphrates, even unto the uttermost sea shall your coast be.	Every place whereon the soles of your feet shall tread shall be your's: from the wilderness and Lebanon, from the river, the river Euphrates, even unto the uttermost sea shall your coast be.	Every place whereon the soles of your feet shall tread shall be yours: from the wilderness and Lebanon, from the river, the river Euphrates, even unto the uttermost sea shall your coast be.	Every place whereon the soles of your feet shall tread shall be yours: from the wilderness and Lebanon, from the river, the river Euphrates, even unto the uttermost sea shall your coast be.	Every place whereon the soles of your feet shall tread shall be yours: from the wilderness and Lebanon, from the river, the river Euphrates, even unto the uttermost sea shall your coast be.
Deuteronomy	14	2	plurality 2/4	For thou art an holy people unto the LORD thy God, and the LORD hath chosen thee to be a peculiar people unto himself, above all the nations that are upon the earth.	For thou art an holy people unto the LORD thy God, and the LORD hath chosen thee to be a peculiar people unto himself, above all the nations that are upon the earth.	For thou art an holy people unto the LORD thy God, and the LORD hath chosen thee to be a peculiar people unto himself, above all the nations that are upon the earth.	for thou art an holy people unto the LORD thy God, and the LORD hath chosen thee to be a peculiar people unto himself, above all the nations that are upon the earth.	For thou art an holy people unto the Lord thy God, and the Lord hath chosen thee to be a peculiar people unto himself, above all the nations that are upon the earth.
Deuteronomy	14	12	plurality 3/4	But these are they of which ye shall not eat: the eagle, and the ossifrage, and the ospray,	But these are they of which ye shall not eat: the eagle, and the ossifrage, and the ospray,	But these are they of which ye shall not eat: the eagle, and the ossifrage, and the ospray,	But these are they of which ye shall not eat: the eagle, and ossifrage, and the ospray,	But these are they of which ye shall not eat: the eagle, and the ossifrage, and the ospray,
Deuteronomy	15	2	plurality 2/4	And this is the manner of the release: Every creditor that lendeth ought unto his neighbour shall release it; he shall not exact it of his neighbour, or of his brother; because it is called the LORD'S release.	And this is the manner of the release: Every creditor that lendeth ought unto his neighbour shall release it; he shall not exact it of his neighbour, or of his brother; because it is called the LORD'S release.	And this is the manner of the release: Every creditor that lendeth ought unto his neighbour shall release it; he shall not exact it of his neighbour, or of his brother; because it is called the LORD's release.	And this is the manner of the release: Every creditor that lendeth ought unto his neighbour shall release it; he shall not exact it of his neighbour, or of his brother; because it is called the LORD'S release.	And this is the manner of the release: Every creditor that lendeth ought unto his neighbour shall release it; he shall not exact it of his neighbour, or of his brother; because it is called the Lord's release.
Deuteronomy	16	10	plurality 2/4	And thou shalt keep the feast of weeks unto the LORD thy God with a tribute of a freewill offering of thine hand, which thou shalt give unto the LORD thy God, according as the LORD thy God hath blessed thee:	And thou shalt keep the feast of weeks unto the LORD thy God with a tribute of a freewill offering of thine hand, which thou shalt give unto the LORD thy God, according as the LORD thy God hath blessed thee:	And thou shalt keep the feast of weeks unto the LORD thy God with a tribute of a freewill offering of thine hand, which thou shalt give unto the Lord thy God, according as the LORD thy God hath blessed thee:	And thou shalt keep the feast of weeks unto the LORD thy God with a tribute of a freewill offering of thine hand, which thou shalt give unto the LORD thy God, according as the LORD thy God hath blessed thee:	And thou shalt keep the feast of weeks unto the Lord thy God with a tribute of a freewill offering of thine hand, which thou shalt give unto the Lord thy God, according as the Lord thy God hath blessed thee:
Deuteronomy	22	1	plurality 3/4	Thou shalt not see thy brother's ox or his sheep go astray, and hide thyself from them: thou shalt in any case bring them again unto thy brother.	Thou shalt not see thy brother's ox or his sheep go astray, and hide thyself from them: thou shalt in any case bring them again unto thy brother.	Thou shalt not see thy brother's ox or his sheep go astray, and hide thyself from them: thou shalt in any case bring them again unto thy brother.	Thou shalt not see the brother's ox or his sheep go astray, and hide thyself from them: thou shalt in any case bring them again unto thy brother.	Thou shalt not see thy brother's ox or his sheep go astray, and hide thyself from them: thou shalt in any case bring them again unto thy brother.
Deuteronomy	22	3	plurality 3/4	In like manner shalt thou do with his ass; and so shalt thou do with his raiment; and with all lost thing of thy brother's, which he hath lost, and thou hast found, shalt thou do likewise: thou mayest not hide thyself.	In like manner shalt thou do with his ass; and so shalt thou do with his raiment; and with all lost thing of thy brother's, which he hath lost, and thou hast found, shalt thou do likewise: thou mayest not hide thyself.	In like manner shalt thou do with his ass; and so shalt thou do with his raiment; and with all lost thing of thy brother's, which he hath lost, and thou hast found, shalt thou do likewise: thou mayest not hide thyself.	In like manner shalt thou do with his ass; and so shalt thou do with his raiment; and with all lost things of thy brother's, which he hath lost, and thou hast found, shalt thou do likewise: thou mayest not hide thyself.	In like manner shalt thou do with his ass; and so shalt thou do with his raiment; and with all lost thing of thy brother's, which he hath lost, and thou hast found, shalt thou do likewise: thou mayest not hide thyself.
Deuteronomy	29	22	plurality 2/4	So that the generation to come of your children that shall rise up after you, and the stranger that shall come from a far land, shall say, when they see the plagues of that land, and the sicknesses which the LORD hath laid upon it;	So that the generation to come of your children that shall rise up after you, and the stranger that shall come from a far land, shall say, when they see the plagues of that land, and the sicknesses which the LORD hath laid upon it;	So that the generation to come of your children that shall rise up after you, and the stranger that shall come from a far land, shall say, when they see the plagues of that land, and the sicknesses which the LORD hath laid upon it; hath made it sick	So that the generation to come of your children that shall rise up after you, and the stranger that shall come from a far land, shall say, when they see the plagues of that land, and the sicknesses which the LORD hath laid upon it;	So that the generation to come of your children that shall rise up after you, and the stranger that shall come from a far land, shall say, when they see the plagues of that land, and the sicknesses which the Lord hath laid upon it;
Deuteronomy	32	9	plurality 2/4	For the LORD'S portion is his people; Jacob is the lot of his inheritance.	For the LORD'S portion is his people; Jacob is the lot of his inheritance.	For the LORD's portion is his people; Jacob is the lot of his inheritance.	For the LORD'S portion is his people; Jacob is the lot of his inheritance.	For the Lord's portion is his people; Jacob is the lot of his inheritance.
Deuteronomy	32	27	plurality 2/4	Were it not that I feared the wrath of the enemy, lest their adversaries should behave themselves strangely, and lest they should say, Our hand is high, and the LORD hath not done all this.	Were it not that I feared the wrath of the enemy, lest their adversaries should behave themselves strangely, and lest they should say, Our hand is high, and the LORD hath not done all this.	Were it not that I feared the wrath of the enemy, lest their adversaries should behave themselves strangely, and lest they should say, Our hand is high, and the LORD hath not done all this. hath done	Were it not that I feared the wrath of the enemy, lest their adversaries should behave themselves strangely, and lest they should say, Our hand is high, and the LORD hath not done all this.	Were it not that I feared the wrath of the enemy, lest their adversaries should behave themselves strangely, and lest they should say, Our hand is high, and the Lord hath not done all this.
Deuteronomy	33	12	plurality 2/4	And of Benjamin he said, The beloved of the LORD shall dwell in safety by him; and the LORD shall cover him all the day long, and he shall dwell between his shoulders.	And of Benjamin he said, The beloved of the LORD shall dwell in safety by him; and the LORD shall cover him all the day long, and he shall dwell between his shoulders.	And of Benjamin he said, The beloved of the LORD shall dwell in safety by him; and the Lord shall cover him all the day long, and he shall dwell between his shoulders.	And of Benjamin he said, The beloved of the LORD shall dwell in safety by him; and the LORD shall cover him all the day long, and he shall dwell between his shoulders.	And of Benjamin he said, The beloved of the Lord shall dwell in safety by him; and the Lord shall cover him all the day long, and he shall dwell between his shoulders.
Joshua	1	15	plurality 2/4	Until the LORD have given your brethren rest, as he hath given you, and they also have possessed the land which the LORD your God giveth them: then ye shall return unto the land of your possession, and enjoy it, which Moses the LORD'S servant gave you on this side Jordan toward the sunrising.	Until the LORD have given your brethren rest, as he hath given you, and they also have possessed the land which the LORD your God giveth them: then ye shall return unto the land of your possession, and enjoy it, which Moses the LORD'S servant gave you on this side Jordan toward the sunrising.	Until the LORD have given your brethren rest, as he hath given you, and they also have possessed the land which the LORD your God giveth them: then ye shall return unto the land of your possession, and enjoy it, which Moses the LORD's servant gave you on this side Jordan toward the sunrising.	Until the LORD have given your brethren rest, as he hath given you, and they also have possessed the land which the LORD your God giveth them: then ye shall return unto the land of your possession, and enjoy it, which Moses the LORD'S servant gave you on this side Jordan toward the sunrising.	Until the Lord have given your brethren rest, as he hath given you, and they also have possessed the land which the Lord your God giveth them: then ye shall return unto the land of your possession, and enjoy it, which Moses the Lord's servant gave you on this side Jordan toward the sunrising.
Joshua	2	14	plurality 2/4	And the men answered her, Our life for yours, if ye utter not this our business. And it shall be, when the LORD hath given us the land, that we will deal kindly and truly with thee.	And the men answered her, Our life for your's, if ye utter not this our business. And it shall be, when the LORD hath given us the land, that we will deal kindly and truly with thee.	And the men answered her, Our life for yours, if ye utter not this our business. And it shall be, when the LORD hath given us the land, that we will deal kindly and truly with thee.	And the men answered her, Our life for yours, if ye utter not this our business. And it shall be, when the LORD hath given us the land, that we will deal kindly and truly with thee.	And the men answered her, Our life for yours, if ye utter not this our business. And it shall be, when the Lord hath given us the land, that we will deal kindly and truly with thee.
Joshua	5	15	plurality 2/4	And the captain of the LORD'S host said unto Joshua, Loose thy shoe from off thy foot; for the place whereon thou standest is holy. And Joshua did so.	And the captain of the LORD'S host said unto Joshua, Loose thy shoe from off thy foot; for the place whereon thou standest is holy. And Joshua did so.	And the captain of the LORD's host said unto Joshua, Loose thy shoe from off thy foot; for the place whereon thou standest is holy. And Joshua did so.	And the captain of the LORD'S host said unto Joshua, Loose thy shoe from off thy foot; for the place whereon thou standest is holy. And Joshua did so.	And the captain of the Lord's host said unto Joshua, Loose thy shoe from off thy foot; for the place whereon thou standest is holy. And Joshua did so.
Joshua	6	4	plurality 3/4	And seven priests shall bear before the ark seven trumpets of rams' horns: and the seventh day ye shall compass the city seven times, and the priests shall blow with the trumpets.	And seven priests shall bear before the ark seven trumpets of rams' horns: and the seventh day ye shall compass the city seven times, and the priests shall blow with the trumpets.	And seven priests shall bear before the ark seven trumpets of rams' horns: and the seventh day ye shall compass the city seven times, and the priests shall blow with the trumpets.	And seven priests shall bear before the ark seven trumpets of rams horns: and the seventh day ye shall compass the city seven times, and the priests shall blow with the trumpets.	And seven priests shall bear before the ark seven trumpets of rams' horns: and the seventh day ye shall compass the city seven times, and the priests shall blow with the trumpets.
Joshua	6	23	plurality 3/4	And the young men that were spies went in, and brought out Rahab, and her father, and her mother, and her brethren, and all that she had; and they brought out all her kindred, and left them without the camp of Israel.	And the young men that were spies went in, and brought out Rahab, and her father, and her mother, and her brethren, and all that she had; and they brought out all her kindred, and left them without the camp of Israel.	And the young men that were spies went in, and brought out Rahab, and her father, and her mother, and her brethren, and all that she had; and they brought out all her kindred, and left them without the camp of Israel.	And the young men that were spies went in, and brought Rahab, and her father, and her mother, and her brethren, and all that she had; and they brought out all her kindred, and left them without the camp of Israel.	And the young men that were spies went in, and brought out Rahab, and her father, and her mother, and her brethren, and all that she had; and they brought out all her kindred, and left them without the camp of Israel.
Joshua	7	2	plurality 2/4	And Joshua sent men from Jericho to Ai, which is beside Beth-aven, on the east side of Beth-el, and spake unto them, saying, Go up and view the country. And the men went up and viewed Ai.	And Joshua sent men from Jericho to Ai, which is beside Beth-aven, on the east side of Beth-el, and spake unto them, saying, Go up and view the country. And the men went up and viewed Ai.	And Joshua sent men from Jericho to Ai, which is beside Beth-aven, on the east side of Beth-el, and spake unto them, saying, Go up and view the country. And the men went up and viewed Ai.	And Joshua sent men from Jericho to Ai, which is beside Beth-aven, on the east side of Bethel, and spake unto them, saying, Go up and view the country. And the men went up and viewed Ai.	And Joshua sent men from Jericho to Ai, which is beside Beth–aven, on the east side of Beth–el, and spake unto them, saying, Go up and view the country. And the men went up and viewed Ai.
Joshua	8	9	plurality 2/4	Joshua therefore sent them forth: and they went to lie in ambush, and abode between Beth-el and Ai, on the west side of Ai: but Joshua lodged that night among the people.	Joshua therefore sent them forth: and they went to lie in ambush, and abode between Beth-el and Ai, on the west side of Ai: but Joshua lodged that night among the people.	Joshua therefore sent them forth: and they went to lie in ambush, and abode between Beth-el and Ai, on the west side of Ai: but Joshua lodged that night among the people.	Joshua therefore sent them forth: and they went to lie in ambush, and abode between Bethel and Ai, on the west side of Ai: but Joshua lodged that night among the people.	Joshua therefore sent them forth: and they went to lie in ambush, and abode between Beth–el and Ai, on the west side of Ai: but Joshua lodged that night among the people.
Joshua	8	12	plurality 2/4	And he took about five thousand men, and set them to lie in ambush between Beth-el and Ai, on the west side of the city.	And he took about five thousand men, and set them to lie in ambush between Beth-el and Ai, on the west side of the city.	And he took about five thousand men, and set them to lie in ambush between Beth-el and Ai, on the west side of the city.	And he took about five thousand men, and set them to lie in ambush between Bethel and Ai, on the west side of the city.	And he took about five thousand men, and set them to lie in ambush between Beth–el and Ai, on the west side of the city.
Joshua	8	17	plurality 2/4	And there was not a man left in Ai or Beth-el, that went not out after Israel: and they left the city open, and pursued after Israel.	And there was not a man left in Ai or Beth-el, that went not out after Israel: and they left the city open, and pursued after Israel.	And there was not a man left in Ai or Beth-el, that went not out after Israel: and they left the city open, and pursued after Israel.	And there was not a man left in Ai or Bethel, that went not out after Israel: and they left the city open, and pursued after Israel.	And there was not a man left in Ai or Beth–el, that went not out after Israel: and they left the city open, and pursued after Israel.
Joshua	12	9	plurality 2/4	The king of Jericho, one; the king of Ai, which is beside Beth-el, one;	The king of Jericho, one; the king of Ai, which is beside Beth-el, one;	The king of Jericho, one; the king of Ai, which is beside Beth-el, one;	The king of Jericho, one; the king of Ai, which is beside Bethel, one;	The king of Jericho, one; the king of Ai, which is beside Beth–el, one;
Joshua	12	16	plurality 2/4	The king of Makkedah, one; the king of Beth-el, one;	The king of Makkedah, one; the king of Beth-el, one;	The king of Makkedah, one; the king of Beth-el, one;	The king of Makkedah, one; the king of Bethel, one;	The king of Makkedah, one; the king of Beth–el, one;
Joshua	13	18	plurality 3/4	And Jahazah, and Kedemoth, and Mephaath,	And Jahazah, and Kedemoth, and Mephaath,	And Jahazah, and Kedemoth, and Mephaath,	And Jahaza, and Kedemoth, and Mephaath,	And Jahazah, and Kedemoth, and Mephaath,
Joshua	16	1	plurality 2/4	And the lot of the children of Joseph fell from Jordan by Jericho, unto the water of Jericho on the east, to the wilderness that goeth up from Jericho throughout mount Beth-el,	And the lot of the children of Joseph fell from Jordan by Jericho, unto the water of Jericho on the east, to the wilderness that goeth up from Jericho throughout mount Beth-el,	And the lot of the children of Joseph fell from Jordan by Jericho, unto the water of Jericho on the east, to the wilderness that goeth up from Jericho throughout mount Beth-el,	And the lot of the children of Joseph fell from Jordan by Jericho, unto the water of Jericho on the east, to the wilderness that goeth up from Jericho throughout mount Bethel,	And the lot of the children of Joseph fell from Jordan by Jericho, unto the water of Jericho on the east, to the wilderness that goeth up from Jericho throughout mount Beth–el,
Joshua	16	2	plurality 2/4	And goeth out from Beth-el to Luz, and passeth along unto the borders of Archi to Ataroth,	And goeth out from Beth-el to Luz, and passeth along unto the borders of Archi to Ataroth,	And goeth out from Beth-el to Luz, and passeth along unto the borders of Archi to Ataroth,	And goeth out from Bethel to Luz, and passeth along unto the borders of Archi to Ataroth,	And goeth out from Beth–el to Luz, and passeth along unto the borders of Archi to Ataroth,
Joshua	17	11	plurality 2/4	And Manasseh had in Issachar and in Asher Beth-shean and her towns, and Ibleam and her towns, and the inhabitants of Dor and her towns, and the inhabitants of Endor and her towns, and the inhabitants of Taanach and her towns, and the inhabitants of Megiddo and her towns, even three countries.	And Manasseh had in Issachar and in Asher Beth-shean and her towns, and Ibleam and her towns, and the inhabitants of Dor and her towns, and the inhabitants of En-dor and her towns, and the inhabitants of Taanach and her towns, and the inhabitants of Megiddo and her towns, even three countries.	And Manasseh had in Issachar and in Asher Beth-shean and her towns, and Ibleam and her towns, and the inhabitants of Dor and her towns, and the inhabitants of Endor and her towns, and the inhabitants of Taanach and her towns, and the inhabitants of Megiddo and her towns, even three countries.	And Manasseh had in Issachar and in Asher Beth-shean and her towns, and Ibleam and her towns, and the inhabitants of Dor and her towns, and the inhabitants of Endor and her towns, and the inhabitants of Taanach and her towns, and the inhabitants of Megiddo and her towns, even three countries.	And Manasseh had in Issachar and in Asher Beth–shean and her towns, and Ibleam and her towns, and the inhabitants of Dor and her towns, and the inhabitants of Endor and her towns, and the inhabitants of Taanach and her towns, and the inhabitants of Megiddo and her towns, even three countries.
Joshua	18	13	plurality 2/4	And the border went over from thence toward Luz, to the side of Luz, which is Beth-el, southward; and the border descended to Ataroth-adar, near the hill that lieth on the south side of the nether Beth-horon.	And the border went over from thence toward Luz, to the side of Luz, which is Beth-el, southward; and the border descended to Ataroth-adar, near the hill that lieth on the south side of the nether Beth-horon.	And the border went over from thence toward Luz, to the side of Luz, which is Beth-el, southward; and the border descended to Ataroth-adar, near the hill that lieth on the south side of the nether Beth-horon.	And the border went over from thence toward Luz, to the side of Luz, which is Bethel, southward; and the border descended to Ataroth-adar, near the hill that lieth on the south side of the nether Beth-horon.	And the border went over from thence toward Luz, to the side of Luz, which is Beth–el, southward; and the border descended to Ataroth–adar, near the hill that lieth on the south side of the nether Beth–horon.
Joshua	18	22	plurality 2/4	And Beth-arabah, and Zemaraim, and Beth-el,	And Beth-arabah, and Zemaraim, and Beth-el,	And Beth-arabah, and Zemaraim, and Beth-el,	And Beth-arabah, and Zemaraim, and Bethel,	And Beth–arabah, and Zemaraim, and Beth–el,
Joshua	19	12	plurality 2/4	And turned from Sarid eastward toward the sunrising unto the border of Chisloth-tabor, and then goeth out to Daberath, and goeth up to Japhia,	And turned from Sarid eastward toward the sunrising unto the border of Chisloth-tabor, and then goeth out to Daberath, and goeth up to Japhia,	And turned from Sarid eastward toward the sunrising unto the border of Chisloth-tabor, and then goeth out to Daberath, and goeth up to Japhia,	And turned from Sarid eastward toward the sunrising unto the border of Chisloth-tabor, and then goeth out to daberath, and goeth up to Japhia,	And turned from Sarid eastward toward the sunrising unto the border of Chisloth–tabor, and then goeth out to Daberath, and goeth up to Japhia,
Joshua	19	15	plurality 2/4	And Kattath, and Nahallal, and Shimron, and Idalah, and Beth-lehem: twelve cities with their villages.	And Kattath, and Nahallal, and Shimron, and Idalah, and Beth-lehem: twelve cities with their villages.	And Kattath, and Nahallal, and Shimron, and Idalah, and Beth-lehem: twelve cities with their villages.	And Kattath, and Nahallal, and Shimron, and Idalah, and Bethlehem: twelve cities with their villages.	And Kattath, and Nahallal, and Shimron, and Idalah, and Beth–lehem: twelve cities with their villages.
Joshua	19	19	plurality 2/4	And Hapharaim, and Shion, and Anaharath,	And Haphraim, and Shion, and Anaharath,	And Hapharaim, and Shion, and Anaharath,	And Haphraim, and Shihon, and Anaharath,	And Hapharaim, and Shion, and Anaharath,
Joshua	19	51	plurality 2/4	These are the inheritances, which Eleazar the priest, and Joshua the son of Nun, and the heads of the fathers of the tribes of the children of Israel, divided for an inheritance by lot in Shiloh before the LORD, at the door of the tabernacle of the congregation. So they made an end of dividing the country.	These are the inheritances, which Eleazar the priest, and Joshua the son of Nun, and the heads of the fathers of the tribes of the children of Israel, divided for an inheritance by lot in Shiloh before the LORD, at the door of the tabernacle of the congregation. So they made an end of dividing the country.	These are the inheritances, which Eleazar the priest, and Joshua the son of Nun, and the heads of the fathers of the tribes of the children of Israel, divided for an inheritance by lot in Shiloh before the LORD, at the door of the tabernacle of the congregation. So they made an end of dividing the country.	These are the inheritances which Eleazar the priest, and Joshua the son of Nun, and the heads of the fathers of the tribes of the children of Israel, divided for an inheritance by lot in Shiloh before the LORD, at the door of the tabernacle of the congregation. So they made an end of dividing the country.	These are the inheritances, which Eleazar the priest, and Joshua the son of Nun, and the heads of the fathers of the tribes of the children of Israel, divided for an inheritance by lot in Shiloh before the Lord, at the door of the tabernacle of the congregation. So they made an end of dividing the country.
Joshua	21	10	plurality 3/4	Which the children of Aaron, being of the families of the Kohathites, who were of the children of Levi, had: for theirs was the first lot.	Which the children of Aaron, being of the families of the Kohathites, who were of the children of Levi, had: for their's was the first lot.	Which the children of Aaron, being of the families of the Kohathites, who were of the children of Levi, had: for theirs was the first lot.	Which the children of Aaron, being of the families of the Kohathites, who were of the children of Levi, had: for theirs was the first lot.	Which the children of Aaron, being of the families of the Kohathites, who were of the children of Levi, had: for theirs was the first lot.
Joshua	22	19	plurality 2/4	Notwithstanding, if the land of your possession be unclean, then pass ye over unto the land of the possession of the LORD, wherein the LORD'S tabernacle dwelleth, and take possession among us: but rebel not against the LORD, nor rebel against us, in building you an altar beside the altar of the LORD our God.	Notwithstanding, if the land of your possession be unclean, then pass ye over unto the land of the possession of the LORD, wherein the LORD'S tabernacle dwelleth, and take possession among us: but rebel not against the LORD, nor rebel against us, in building you an altar beside the altar of the LORD our God.	Notwithstanding, if the land of your possession be unclean, then pass ye over unto the land of the possession of the LORD, wherein the LORD's tabernacle dwelleth, and take possession among us: but rebel not against the LORD, nor rebel against us, in building you an altar beside the altar of the LORD our God.	Notwithstanding, if the land of your possession be unclean, then pass ye over unto the land of the possession of the LORD, wherein the LORD'S tabernacle dwelleth, and take possession among us: but rebel not against the LORD, nor rebel against us, in building you an altar beside the altar of the LORD our God.	Notwithstanding, if the land of your possession be unclean, then pass ye over unto the land of the possession of the Lord, wherein the Lord's tabernacle dwelleth, and take possession among us: but rebel not against the Lord, nor rebel against us, in building you an altar beside the altar of the Lord our God.
Joshua	23	7	plurality 3/4	That ye come not among these nations, these that remain among you; neither make mention of the name of their gods, nor cause to swear by them, neither serve them, nor bow yourselves unto them:	That ye come not among these nations, these that remain among you; neither make mention of the name of their gods, nor cause to swear by them, neither serve them, nor bow yourselves unto them:	That ye come not among these nations, these that remain among you; neither make mention of the name of their gods, nor cause to swear by them, neither serve them, nor bow yourselves unto them:	That ye come not among these nations, these that remain among you; neither make mention of the names of their gods, nor cause to swear by them, neither serve them, nor bow yourselves unto them:	That ye come not among these nations, these that remain among you; neither make mention of the name of their gods, nor cause to swear by them, neither serve them, nor bow yourselves unto them:
Joshua	23	9	plurality 2/4	For the LORD hath driven out from before you great nations and strong: but as for you, no man hath been able to stand before you unto this day.	For the LORD hath driven out from before you great nations and strong: but as for you, no man hath been able to stand before you unto this day.	For the LORD hath driven out from before you great nations and strong: but as for you, no man hath been able to stand before you unto this day. …: or, Then the LORD will drive	For the LORD hath driven out from before you great nations and strong: but as for you, no man hath been able to stand before you unto this day.	For the Lord hath driven out from before you great nations and strong: but as for you, no man hath been able to stand before you unto this day.
Judges	1	22	plurality 2/4	And the house of Joseph, they also went up against Beth-el: and the LORD was with them.	And the house of Joseph, they also went up against Beth-el: and the LORD was with them.	And the house of Joseph, they also went up against Beth-el: and the LORD was with them.	And the house of Joseph, they also went up against Bethel: and the LORD was with them.	And the house of Joseph, they also went up against Beth–el: and the Lord was with them.
Judges	1	23	plurality 2/4	And the house of Joseph sent to descry Beth-el. (Now the name of the city before was Luz.)	And the house of Joseph sent to descry Beth-el. (Now the name of the city before was Luz.)	And the house of Joseph sent to descry Beth-el. (Now the name of the city before was Luz.)	And the house of Joseph sent to descry Bethel. (Now the name of the city before was Luz.)	And the house of Joseph sent to descry Beth–el. (Now the name of the city before was Luz.)
Judges	4	5	plurality 2/4	And she dwelt under the palm tree of Deborah between Ramah and Beth-el in mount Ephraim: and the children of Israel came up to her for judgment.	And she dwelt under the palm tree of Deborah between Ramah and Beth-el in mount Ephraim: and the children of Israel came up to her for judgment.	And she dwelt under the palm tree of Deborah between Ramah and Beth-el in mount Ephraim: and the children of Israel came up to her for judgment.	And she dwelt under the palm tree of Deborah between Ramah and Bethel in mount Ephraim: and the children of Israel came up to her for judgment.	And she dwelt under the palm tree of Deborah between Ramah and Beth–el in mount Ephraim: and the children of Israel came up to her for judgment.
Judges	5	6	plurality 3/4	In the days of Shamgar the son of Anath, in the days of Jael, the highways were unoccupied, and the travellers walked through byways.	In the days of Shamgar the son of Anath, in the days of Jael, the highways were unoccupied, and the travellers walked through byways.	In the days of Shamgar the son of Anath, in the days of Jael, the highways were unoccupied, and the travellers walked through byways.	In the days of Shamgar the son of Anath, in the days of Jael, the highways were unoccupied, and the travelers walked through byways.	In the days of Shamgar the son of Anath, in the days of Jael, the highways were unoccupied, and the travellers walked through byways.
Judges	6	11	plurality 2/4	And there came an angel of the LORD, and sat under an oak which was in Ophrah, that pertained unto Joash the Abi-ezrite: and his son Gideon threshed wheat by the winepress, to hide it from the Midianites.	And there came an angel of the LORD, and sat under an oak which was in Ophrah, that pertained unto Joash the Abiezrite: and his son Gideon threshed wheat by the winepress, to hide it from the Midianites.	And there came an angel of the LORD, and sat under an oak which was in Ophrah, that pertained unto Joash the Abi-ezrite: and his son Gideon threshed wheat by the winepress, to hide it from the Midianites.	And there came an angel of the LORD, and sat under an oak which was in Ophrah, that pertained unto Joash the Abi-ezrite: and his son Gideon threshed wheat by the winepress, to hide it from the Midianites.	And there came an angel of the Lord, and sat under an oak which was in Ophrah, that pertained unto Joash the Abi–ezrite: and his son Gideon threshed wheat by the winepress, to hide it from the Midianites.
Judges	6	24	plurality 1/4	Then Gideon built an altar there unto the LORD, and called it Jehovah-shalom: unto this day it is yet in Ophrah of the Abiezrites.	Then Gideon built an altar there unto the LORD, and called it Jehovah-shalom: unto this day it is yet in Ophrah of the Abiezrites.	Then Gideon built an altar there unto the LORD, and called it Jehovah-shalom: unto this day it is yet in Ophrah of the Abi-ezrites. send peace	Then Gideon built an altar there unto the LORD, and called it Jehovah-shalom: unto this day it is yet in Ophrah of the Abi-ezrites.	Then Gideon built an altar there unto the Lord, and called it Jehovah–shalom: unto this day it is yet in Ophrah of the Abi–ezrites.
Judges	6	34	plurality 2/4	But the Spirit of the LORD came upon Gideon, and he blew a trumpet; and Abi-ezer was gathered after him.	But the Spirit of the LORD came upon Gideon, and he blew a trumpet; and Abiezer was gathered after him.	But the Spirit of the LORD came upon Gideon, and he blew a trumpet; and Abi-ezer was gathered after him.	But the Spirit of the LORD came upon Gideon, and he blew a trumpet; and Abi-ezer was gathered after him.	But the Spirit of the Lord came upon Gideon, and he blew a trumpet; and Abi–ezer was gathered after him.
Judges	8	2	plurality 2/4	And he said unto them, What have I done now in comparison of you? Is not the gleaning of the grapes of Ephraim better than the vintage of Abi-ezer?	And he said unto them, What have I done now in comparison of you? Is not the gleaning of the grapes of Ephraim better than the vintage of Abiezer?	And he said unto them, What have I done now in comparison of you? Is not the gleaning of the grapes of Ephraim better than the vintage of Abi-ezer?	And he said unto them, What have I done now in comparison of you? Is not the gleaning of the grapes of Ephraim better than the vintage of Abi-ezer?	And he said unto them, What have I done now in comparison of you? Is not the gleaning of the grapes of Ephraim better than the vintage of Abi–ezer?
Judges	8	32	plurality 2/4	And Gideon the son of Joash died in a good old age, and was buried in the sepulchre of Joash his father, in Ophrah of the Abi-ezrites.	And Gideon the son of Joash died in a good old age, and was buried in the sepulchre of Joash his father, in Ophrah of the Abiezrites.	And Gideon the son of Joash died in a good old age, and was buried in the sepulchre of Joash his father, in Ophrah of the Abi-ezrites.	And Gideon the son of Joash died in a good old age, and was buried in the sepulchre of Joash his father, in Ophrah of the Abi-ezrites.	And Gideon the son of Joash died in a good old age, and was buried in the sepulchre of Joash his father, in Ophrah of the Abi–ezrites.
Judges	11	31	plurality 2/4	Then it shall be, that whatsoever cometh forth of the doors of my house to meet me, when I return in peace from the children of Ammon, shall surely be the LORD'S, and I will offer it up for a burnt offering.	Then it shall be, that whatsoever cometh forth of the doors of my house to meet me, when I return in peace from the children of Ammon, shall surely be the LORD'S, and I will offer it up for a burnt offering.	Then it shall be, that whatsoever cometh forth of the doors of my house to meet me, when I return in peace from the children of Ammon, shall surely be the LORD's, and I will offer it up for a burnt offering.	Then it shall be, that whatsoever cometh forth of the doors of my house to meet me, when I return in peace from the children of Ammon, shall surely be the LORD'S, and I will offer it up for a burnt offering.	Then it shall be, that whatsoever cometh forth of the doors of my house to meet me, when I return in peace from the children of Ammon, shall surely be the Lord's, and I will offer it up for a burnt offering.
Judges	12	8	plurality 2/4	And after him Ibzan of Beth-lehem judged Israel.	And after him Ibzan of Beth-lehem judged Israel.	And after him Ibzan of Beth-lehem judged Israel.	And after him Ibzan of Bethlehem judged Israel.	And after him Ibzan of Beth–lehem judged Israel.
Judges	12	10	plurality 2/4	Then died Ibzan, and was buried at Beth-lehem.	Then died Ibzan, and was buried at Beth-lehem.	Then died Ibzan, and was buried at Beth-lehem.	Then died Ibzan, and was buried at Bethlehem.	Then died Ibzan, and was buried at Beth–lehem.
Judges	13	19	plurality 2/4	So Manoah took a kid with a meat offering, and offered it upon a rock unto the LORD: and the angel did wondrously; and Manoah and his wife looked on.	So Manoah took a kid with a meat offering, and offered it upon a rock unto the LORD: and the angel did wondrously; and Manoah and his wife looked on.	So Manoah took a kid with a meat offering, and offered it upon a rock unto the LORD: and the angel did wondrously; and Manoah and his wife looked on.	So Manoah took a kid with a meat offering, and offered it upon a rock unto the LORD: and the angel did wonderously; and Manoah and his wife looked on.	So Manoah took a kid with a meat offering, and offered it upon a rock unto the Lord: and the angel did wondrously; and Manoah and his wife looked on.
Judges	16	17	plurality 3/4	That he told her all his heart, and said unto her, There hath not come a razor upon mine head; for I have been a Nazarite unto God from my mother's womb: if I be shaven, then my strength will go from me, and I shall become weak, and be like any other man.	That he told her all his heart, and said unto her, There hath not come a razor upon mine head; for I have been a Nazarite unto God from my mother's womb: if I be shaven, then my strength will go from me, and I shall become weak, and be like any other man.	That he told her all his heart, and said unto her, There hath not come a razor upon mine head; for I have been a Nazarite unto God from my mother's womb: if I be shaven, then my strength will go from me, and I shall become weak, and be like any other man.	That he told her all his heart, and said unto her. There hath not come a razor upon mine head; for I have been a Nazarite unto God from my mother's womb: if I be shaven, then my strength will go from me, and I shall become weak, and be like any other man.	That he told her all his heart, and said unto her, There hath not come a razor upon mine head; for I have been a Nazarite unto God from my mother's womb: if I be shaven, then my strength will go from me, and I shall become weak, and be like any other man.
Judges	17	7	plurality 2/4	And there was a young man out of Beth-lehem-judah of the family of Judah, who was a Levite, and he sojourned there.	And there was a young man out of Beth-lehem-judah of the family of Judah, who was a Levite, and he sojourned there.	And there was a young man out of Beth-lehem-judah of the family of Judah, who was a Levite, and he sojourned there.	And there was a young man out of Bethlehemjudah of the family of Judah, who was a Levite, and he sojourned there.	And there was a young man out of Beth–lehem–judah of the family of Judah, who was a Levite, and he sojourned there.
Judges	17	8	plurality 2/4	And the man departed out of the city from Beth-lehem-judah to sojourn where he could find a place: and he came to mount Ephraim to the house of Micah, as he journeyed.	And the man departed out of the city from Beth-lehem-judah to sojourn where he could find a place: and he came to mount Ephraim to the house of Micah, as he journeyed.	And the man departed out of the city from Beth-lehem-judah to sojourn where he could find a place: and he came to mount Ephraim to the house of Micah, as he journeyed.	And the man departed out of the city from Bethlehemjudah to sojourn where he could find a place: and he came to mount Ephraim to the house of Micah, as he journeyed.	And the man departed out of the city from Beth–lehem–judah to sojourn where he could find a place: and he came to mount Ephraim to the house of Micah, as he journeyed.
Judges	17	9	plurality 2/4	And Micah said unto him, Whence comest thou? And he said unto him, I am a Levite of Beth-lehem-judah, and I go to sojourn where I may find a place.	And Micah said unto him, Whence comest thou? And he said unto him, I am a Levite of Beth-lehem-judah, and I go to sojourn where I may find a place.	And Micah said unto him, Whence comest thou? And he said unto him, I am a Levite of Beth-lehem-judah, and I go to sojourn where I may find a place.	And Micah said unto him, Whence comest thou? And he said unto him, I am a Levite of Bethlehemjudah, and I go to sojourn where I may find a place.	And Micah said unto him, Whence comest thou? And he said unto him, I am a Levite of Beth–lehem–judah, and I go to sojourn where I may find a place.
Judges	19	1	plurality 2/4	And it came to pass in those days, when there was no king in Israel, that there was a certain Levite sojourning on the side of mount Ephraim, who took to him a concubine out of Beth-lehem-judah.	And it came to pass in those days, when there was no king in Israel, that there was a certain Levite sojourning on the side of mount Ephraim, who took to him a concubine out of Beth-lehem-judah.	And it came to pass in those days, when there was no king in Israel, that there was a certain Levite sojourning on the side of mount Ephraim, who took to him a concubine out of Beth-lehem-judah.	And it came to pass in those days, when there was no king in Israel, that there was a certain Levite sojourning on the side of mount Ephraim, who took to him a concubine out of Bethlehemjudah.	And it came to pass in those days, when there was no king in Israel, that there was a certain Levite sojourning on the side of mount Ephraim, who took to him a concubine out of Beth–lehem–judah.
Judges	19	2	plurality 2/4	And his concubine played the whore against him, and went away from him unto her father's house to Beth-lehem-judah, and was there four whole months.	And his concubine played the whore against him, and went away from him unto her father's house to Beth-lehem-judah, and was there four whole months.	And his concubine played the whore against him, and went away from him unto her father's house to Beth-lehem-judah, and was there four whole months.	And his concubine played the whore against him, and went away from him unto her father's house to Bethlehemjudah, and was there four whole months.	And his concubine played the whore against him, and went away from him unto her father's house to Beth–lehem–judah, and was there four whole months.
Judges	19	18	plurality 2/4	And he said unto him, We are passing from Beth-lehem-judah toward the side of mount Ephraim; from thence am I: and I went to Beth-lehem-judah, but I am now going to the house of the LORD; and there is no man that receiveth me to house.	And he said unto him, We are passing from Beth-lehem-judah toward the side of mount Ephraim; from thence am I: and I went to Beth-lehem-judah, but I am now going to the house of the LORD; and there is no man that receiveth me to house.	And he said unto him, We are passing from Beth-lehem-judah toward the side of mount Ephraim; from thence am I: and I went to Beth-lehem-judah, but I am now going to the house of the LORD; and there is no man that receiveth me to house.	And he said unto him, We are passing from Bethlehemjudah toward the side of mount Ephraim; from thence am I: and I went to Bethlehemjudah, but I am now going to the house of the LORD; and there is no man that receiveth me to house.	And he said unto him, We are passing from Beth–lehem–judah toward the side of mount Ephraim; from thence am I: and I went to Beth–lehem–judah, but I am now going to the house of the Lord; and there is no man that receiveth me to house.
Judges	21	19	plurality 2/4	Then they said, Behold, there is a feast of the LORD in Shiloh yearly in a place which is on the north side of Beth-el, on the east side of the highway that goeth up from Beth-el to Shechem, and on the south of Lebonah.	Then they said, Behold, there is a feast of the LORD in Shiloh yearly in a place which is on the north side of Beth-el, on the east side of the highway that goeth up from Beth-el to Shechem, and on the south of Lebonah.	Then they said, Behold, there is a feast of the LORD in Shiloh yearly in a place which is on the north side of Beth-el, on the east side of the highway that goeth up from Beth-el to Shechem, and on the south of Lebonah.	Then they said, Behold, there is a feast of the LORD in Shiloh yearly in a place which is on the north side of Bethel, on the east side of the highway that goeth up from Bethel to Shechem, and on the south of Lebonah.	Then they said, Behold, there is a feast of the Lord in Shiloh yearly in a place which is on the north side of Beth–el, on the east side of the highway that goeth up from Beth–el to Shechem, and on the south of Lebonah.
Ruth	1	1	plurality 2/4	Now it came to pass in the days when the judges ruled, that there was a famine in the land. And a certain man of Beth-lehem-judah went to sojourn in the country of Moab, he, and his wife, and his two sons.	Now it came to pass in the days when the judges ruled, that there was a famine in the land. And a certain man of Beth-lehem-judah went to sojourn in the country of Moab, he, and his wife, and his two sons.	Now it came to pass in the days when the judges ruled, that there was a famine in the land. And a certain man of Beth-lehem-judah went to sojourn in the country of Moab, he, and his wife, and his two sons.	Now it came to pass in the days when the judges ruled, that there was a famine in the land. And a certain man of Bethlehemjudah went to sojourn in the country of Moab, he, and his wife, and his two sons.	Now it came to pass in the days when the judges ruled, that there was a famine in the land. And a certain man of Beth–lehem–judah went to sojourn in the country of Moab, he, and his wife, and his two sons.
Ruth	1	2	plurality 2/4	And the name of the man was Elimelech, and the name of his wife Naomi, and the name of his two sons Mahlon and Chilion, Ephrathites of Beth-lehem-judah. And they came into the country of Moab, and continued there.	And the name of the man was Elimelech, and the name of his wife Naomi, and the name of his two sons Mahlon and Chilion, Ephrathites of Beth-lehem-judah. And they came into the country of Moab, and continued there.	And the name of the man was Elimelech, and the name of his wife Naomi, and the name of his two sons Mahlon and Chilion, Ephrathites of Beth-lehem-judah. And they came into the country of Moab, and continued there.	And the name of the man was Elimelech, and the name of his wife Naomi, and the name of his two sons Mahlon and Chilion, Ephrathites of Bethlehemjudah. And they came into the country of Moab, and continued there.	And the name of the man was Elimelech, and the name of his wife Naomi, and the name of his two sons Mahlon and Chilion, Ephrathites of Beth–lehem–judah. And they came into the country of Moab, and continued there.
Ruth	1	19	plurality 2/4	So they two went until they came to Beth-lehem. And it came to pass, when they were come to Beth-lehem, that all the city was moved about them, and they said, Is this Naomi?	So they two went until they came to Beth-lehem. And it came to pass, when they were come to Beth-lehem, that all the city was moved about them, and they said, Is this Naomi?	So they two went until they came to Beth-lehem. And it came to pass, when they were come to Beth-lehem, that all the city was moved about them, and they said, Is this Naomi?	So they two went until they came to Bethlehem. And it came to pass, when they were come to Bethlehem, that all the city was moved about them, and they said, Is this Naomi?	So they two went until they came to Beth–lehem. And it came to pass, when they were come to Beth–lehem, that all the city was moved about them, and they said, Is this Naomi?
Ruth	1	22	plurality 2/4	So Naomi returned, and Ruth the Moabitess, her daughter in law, with her, which returned out of the country of Moab: and they came to Beth-lehem in the beginning of barley harvest.	So Naomi returned, and Ruth the Moabitess, her daughter in law, with her, which returned out of the country of Moab: and they came to Beth-lehem in the beginning of barley harvest.	So Naomi returned, and Ruth the Moabitess, her daughter in law, with her, which returned out of the country of Moab: and they came to Beth-lehem in the beginning of barley harvest.	So Naomi returned, and Ruth the Moabitess, her daughter in law, with her, which returned out of the country of Moab: and they came to Bethlehem in the beginning of barley harvest.	So Naomi returned, and Ruth the Moabitess, her daughter in law, with her, which returned out of the country of Moab: and they came to Beth–lehem in the beginning of barley harvest.
Ruth	2	4	plurality 2/4	And, behold, Boaz came from Beth-lehem, and said unto the reapers, The LORD be with you. And they answered him, The LORD bless thee.	And, behold, Boaz came from Beth-lehem, and said unto the reapers, The LORD be with you. And they answered him, The LORD bless thee.	And, behold, Boaz came from Beth-lehem, and said unto the reapers, The LORD be with you. And they answered him, The LORD bless thee.	And behold, Boaz came from Bethlehem, and said unto the reapers, The LORD be with you. And they answered him, The LORD bless thee.	And, behold, Boaz came from Beth–lehem, and said unto the reapers, The Lord be with you. And they answered him, The Lord bless thee.
Ruth	4	11	plurality 2/4	And all the people that were in the gate, and the elders, said, We are witnesses. The LORD make the woman that is come into thine house like Rachel and like Leah, which two did build the house of Israel: and do thou worthily in Ephratah, and be famous in Beth-lehem:	And all the people that were in the gate, and the elders, said, We are witnesses. The LORD make the woman that is come into thine house like Rachel and like Leah, which two did build the house of Israel: and do thou worthily in Ephratah, and be famous in Beth-lehem:	And all the people that were in the gate, and the elders, said, We are witnesses. The LORD make the woman that is come into thine house like Rachel and like Leah, which two did build the house of Israel: and do thou worthily in Ephratah, and be famous in Beth-lehem:	And all the people that were in the gate, and the elders, said, We are witnesses. The LORD make the woman that is come into thine house like Rachel and like Leah, which two did build the house of Israel: and do thou worthily in Ephratah, and be famous in Bethlehem:	And all the people that were in the gate, and the elders, said, We are witnesses. The Lord make the woman that is come into thine house like Rachel and like Leah, which two did build the house of Israel: and do thou worthily in Ephratah, and be famous in Beth–lehem:
1 Samuel	1	15	plurality 2/4	And Hannah answered and said, No, my lord, I am a woman of a sorrowful spirit: I have drunk neither wine nor strong drink, but have poured out my soul before the LORD.	And Hannah answered and said, No, my lord, I am a woman of a sorrowful spirit: I have drunk neither wine nor strong drink, but have poured out my soul before the LORD.	And Hannah answered and said, No, my lord, I am a woman of a sorrowful spirit: I have drunk neither wine nor strong drink, but have poured out my soul before the LORD.	And Hannah answered and said, No, my lord, I am a woman of a sorrowful spirit: I have drunken neither wine nor strong drink, but have poured out my soul before the LORD.	And Hannah answered and said, No, my lord, I am a woman of a sorrowful spirit: I have drunk neither wine nor strong drink, but have poured out my soul before the Lord.
1 Samuel	2	8	plurality 2/4	He raiseth up the poor out of the dust, and lifteth up the beggar from the dunghill, to set them among princes, and to make them inherit the throne of glory: for the pillars of the earth are the LORD'S, and he hath set the world upon them.	He raiseth up the poor out of the dust, and lifteth up the beggar from the dunghill, to set them among princes, and to make them inherit the throne of glory: for the pillars of the earth are the LORD'S, and he hath set the world upon them.	He raiseth up the poor out of the dust, and lifteth up the beggar from the dunghill, to set them among princes, and to make them inherit the throne of glory: for the pillars of the earth are the LORD's, and he hath set the world upon them.	He raiseth up the poor out of the dust, and lifteth up the beggar from the dunghill, to set them among princes, and to make them inherit the throne of glory: for the pillars of the earth are the LORD'S, and he hath set the world upon them.	He raiseth up the poor out of the dust, and lifteth up the beggar from the dunghill, to set them among princes, and to make them inherit the throne of glory: for the pillars of the earth are the Lord's, and he hath set the world upon them.
1 Samuel	2	13	plurality 3/4	And the priests' custom with the people was, that, when any man offered sacrifice, the priest's servant came, while the flesh was in seething, with a fleshhook of three teeth in his hand;	And the priests' custom with the people was, that, when any man offered sacrifice, the priest's servant came, while the flesh was in seething, with a fleshhook of three teeth in his hand;	And the priests' custom with the people was, that, when any man offered sacrifice, the priest's servant came, while the flesh was in seething, with a fleshhook of three teeth in his hand;	And the priest's custom with the people was, that, when any man offered sacrifice, the priest's servant came, while the flesh was in seething, with a fleshhook of three teeth in his hand;	And the priests' custom with the people was, that, when any man offered sacrifice, the priest's servant came, while the flesh was in seething, with a fleshhook of three teeth in his hand;
1 Samuel	2	24	plurality 2/4	Nay, my sons; for it is no good report that I hear: ye make the LORD'S people to transgress.	Nay, my sons; for it is no good report that I hear: ye make the LORD'S people to transgress.	Nay, my sons; for it is no good report that I hear: ye make the LORD's people to transgress.	Nay, my sons; for it is no good report that I hear: ye make the LORD'S people to transgress.	Nay, my sons; for it is no good report that I hear: ye make the Lord's people to transgress.
1 Samuel	3	7	plurality 2/4	Now Samuel did not yet know the LORD, neither was the word of the LORD yet revealed unto him.	Now Samuel did not yet know the LORD, neither was the word of the LORD yet revealed unto him.	Now Samuel did not yet know the LORD, neither was the word of the LORD yet revealed unto him., and before the word of the LORD was revealed unto him	Now Samuel did not yet know the LORD, neither was the word of the LORD yet revealed unto him.	Now Samuel did not yet know the Lord, neither was the word of the Lord yet revealed unto him.
1 Samuel	3	17	plurality 2/4	And he said, What is the thing that the LORD hath said unto thee? I pray thee hide it not from me: God do so to thee, and more also, if thou hide any thing from me of all the things that he said unto thee.	And he said, What is the thing that the LORD hath said unto thee? I pray thee hide it not from me: God do so to thee, and more also, if thou hide any thing from me of all the things that he said unto thee.	And he said, What is the thing that the Lord hath said unto thee? I pray thee hide it not from me: God do so to thee, and more also, if thou hide any thing from me of all the things that he said unto thee.	And he said, What is the thing that the LORD hath said unto thee? I pray thee hide it not from me: God do so to thee, and more also, if thou hide any thing from me of all the things that he said unto thee.	And he said, What is the thing that the Lord hath said unto thee? I pray thee hide it not from me: God do so to thee, and more also, if thou hide any thing from me of all the things that he said unto thee.
1 Samuel	6	9	plurality 2/4	And see, if it goeth up by the way of his own coast to Beth-shemesh, then he hath done us this great evil: but if not, then we shall know that it is not his hand that smote us; it was a chance that happened to us.	And see, if it goeth up by the way of his own coast to Beth-shemesh, then he hath done us this great evil: but if not, then we shall know that it is not his hand that smote us: it was a chance that happened to us.	And see, if it goeth up by the way of his own coast to Beth-shemesh, then he hath done us this great evil: but if not, then we shall know that it is not his hand that smote us; it was a chance that happened to us.	And see, if it goeth up by the way of his own coast to Beth-shemesh, then he hath done us this great evil: but if not, then we shall know that it is not his hand that smote us; it was a chance that happened to us.	And see, if it goeth up by the way of his own coast to Beth–shemesh, then he hath done us this great evil: but if not, then we shall know that it is not his hand that smote us; it was a chance that happened to us.
1 Samuel	7	1	plurality 2/4	And the men of Kirjath-jearim came, and fetched up the ark of the LORD, and brought it into the house of Abinadab in the hill, and sanctified Eleazar his son to keep the ark of the LORD.	And the men of Kirjath-jearim came, and fetched up the ark of the LORD, and brought it into the house of Abinadab in the hill, and sanctified Eleazar his son to keep the ark of the LORD.	And the men of Kirjath-jearim came, and fetched up the ark of the LORD, and brought it into the house of Abinadab in the hill, and sanctified Eleazar his son to keep the ark of the LORD.	And the men of Kirjath-jearim came, and brought up the ark of the LORD, and brought it into the house of Abinadab in the hill, and sanctified Eleazar his son to keep the ark of the LORD.	And the men of Kirjath–jearim came, and fetched up the ark of the Lord, and brought it into the house of Abinadab in the hill, and sanctified Eleazar his son to keep the ark of the Lord.
1 Samuel	7	16	plurality 2/4	And he went from year to year in circuit to Beth-el, and Gilgal, and Mizpeh, and judged Israel in all those places.	And he went from year to year in circuit to Beth-el, and Gilgal, and Mizpeh, and judged Israel in all those places.	And he went from year to year in circuit to Beth-el, and Gilgal, and Mizpeh, and judged Israel in all those places.	And he went from year to year in circuit to Bethel, and Gilgal, and Mizpeh, and judged Israel in all those places.	And he went from year to year in circuit to Beth–el, and Gilgal, and Mizpeh, and judged Israel in all those places.
1 Samuel	10	3	plurality 2/4	Then shalt thou go on forward from thence, and thou shalt come to the plain of Tabor, and there shall meet thee three men going up to God to Beth-el, one carrying three kids, and another carrying three loaves of bread, and another carrying a bottle of wine:	Then shalt thou go on forward from thence, and thou shalt come to the plain of Tabor, and there shall meet thee three men going up to God to Beth-el, one carrying three kids, and another carrying three loaves of bread, and another carrying a bottle of wine:	Then shalt thou go on forward from thence, and thou shalt come to the plain of Tabor, and there shall meet thee three men going up to God to Beth-el, one carrying three kids, and another carrying three loaves of bread, and another carrying a bottle of wine:	Then shalt thou go on forward from thence, and thou shalt come to the plain of Tabor, and there shall meet thee three men going up to God to Bethel, one carrying three kids, and another carrying three loaves of bread, and another carrying a bottle of wine:	Then shalt thou go on forward from thence, and thou shalt come to the plain of Tabor, and there shall meet thee three men going up to God to Beth–el, one carrying three kids, and another carrying three loaves of bread, and another carrying a bottle of wine:
1 Samuel	11	3	plurality 3/4	And the elders of Jabesh said unto him, Give us seven days' respite, that we may send messengers unto all the coasts of Israel: and then, if there be no man to save us, we will come out to thee.	And the elders of Jabesh said unto him, Give us seven days' respite, that we may send messengers unto all the coasts of Israel: and then, if there be no man to save us, we will come out to thee.	And the elders of Jabesh said unto him, Give us seven days' respite, that we may send messengers unto all the coasts of Israel: and then, if there be no man to save us, we will come out to thee.	And the elders of Jabesh said unto him, Give us seven days respite, that we may send messengers unto all the coasts of Israel: and then, if there be no man to save us, we will come out to thee.	And the elders of Jabesh said unto him, Give us seven days' respite, that we may send messengers unto all the coasts of Israel: and then, if there be no man to save us, we will come out to thee.
1 Samuel	13	2	plurality 2/4	Saul chose him three thousand men of Israel; whereof two thousand were with Saul in Michmash and in mount Beth-el, and a thousand were with Jonathan in Gibeah of Benjamin: and the rest of the people he sent every man to his tent.	Saul chose him three thousand men of Israel; whereof two thousand were with Saul in Michmash and in mount Beth-el, and a thousand were with Jonathan in Gibeah of Benjamin: and the rest of the people he sent every man to his tent.	Saul chose him three thousand men of Israel; whereof two thousand were with Saul in Michmash and in mount Beth-el, and a thousand were with Jonathan in Gibeah of Benjamin: and the rest of the people he sent every man to his tent.	Saul chose him three thousand men of Israel; whereof two thousand were with Saul in Michmash and in mount Bethel, and a thousand were with Jonathan in Gibeah of Benjamin: and the rest of the people he sent every man to his tent.	Saul chose him three thousand men of Israel; whereof two thousand were with Saul in Michmash and in mount Beth–el, and a thousand were with Jonathan in Gibeah of Benjamin: and the rest of the people he sent every man to his tent.
1 Samuel	14	3	plurality 2/4	And Ahiah, the son of Ahitub, I-chabod's brother, the son of Phinehas, the son of Eli, the LORD'S priest in Shiloh, wearing an ephod. And the people knew not that Jonathan was gone.	And Ahiah, the son of Ahitub, I-chabod's brother, the son of Phinehas, the son of Eli, the LORD'S priest in Shiloh, wearing an ephod. And the people knew not that Jonathan was gone.	And Ahiah, the son of Ahitub, I-chabod's brother, the son of Phinehas, the son of Eli, the LORD's priest in Shiloh, wearing an ephod. And the people knew not that Jonathan was gone.	And Ahiah, the son of Ahitub, I-chabod's brother, the son of Phinehas, the son of Eli, the LORD'S priest in Shiloh, wearing an ephod. And the people knew not that Jonathan was gone.	And Ahiah, the son of Ahitub, I–chabod's brother, the son of Phinehas, the son of Eli, the Lord's priest in Shiloh, wearing an ephod. And the people knew not that Jonathan was gone.
1 Samuel	14	4	plurality 3/4	And between the passages, by which Jonathan sought to go over unto the Philistines' garrison, there was a sharp rock on the one side, and a sharp rock on the other side: and the name of the one was Bozez, and the name of the other Seneh.	And between the passages, by which Jonathan sought to go over unto the Philistines' garrison, there was a sharp rock on the one side, and a sharp rock on the other side: and the name of the one was Bozez, and the name of the other Seneh.	And between the passages, by which Jonathan sought to go over unto the Philistines' garrison, there was a sharp rock on the one side, and a sharp rock on the other side: and the name of the one was Bozez, and the name of the other Seneh.	And between the passages, by which Jonathan sought to go over unto the Philistines' garrison, there was a sharp rock on the one side and a sharp rock on the other side: and the name of the one was Bozez, and the name of the other Seneh.	And between the passages, by which Jonathan sought to go over unto the Philistines' garrison, there was a sharp rock on the one side, and a sharp rock on the other side: and the name of the one was Bozez, and the name of the other Seneh.
1 Samuel	16	1	plurality 2/4	And the LORD said unto Samuel, How long wilt thou mourn for Saul, seeing I have rejected him from reigning over Israel? fill thine horn with oil, and go, I will send thee to Jesse the Beth-lehemite: for I have provided me a king among his sons.	And the LORD said unto Samuel, How long wilt thou mourn for Saul, seeing I have rejected him from reigning over Israel? fill thine horn with oil, and go, I will send thee to Jesse the Beth-lehemite: for I have provided me a king among his sons.	And the LORD said unto Samuel, How long wilt thou mourn for Saul, seeing I have rejected him from reigning over Israel? fill thine horn with oil, and go, I will send thee to Jesse the Beth-lehemite: for I have provided me a king among his sons.	And the LORD said unto Samuel, How long wilt thou mourn for Saul, seeing I have rejected him from reigning over Israel? fill thine horn with oil, and go, I will send thee to Jesse the Bethlehemite: for I have provided me a king among his sons.	And the Lord said unto Samuel, How long wilt thou mourn for Saul, seeing I have rejected him from reigning over Israel? fill thine horn with oil, and go, I will send thee to Jesse the Beth–lehemite: for I have provided me a king among his sons.
1 Samuel	16	4	plurality 2/4	And Samuel did that which the LORD spake, and came to Beth-lehem. And the elders of the town trembled at his coming, and said, Comest thou peaceably?	And Samuel did that which the LORD spake, and came to Beth-lehem. And the elders of the town trembled at his coming, and said, Comest thou peaceably?	And Samuel did that which the LORD spake, and came to Beth-lehem. And the elders of the town trembled at his coming, and said, Comest thou peaceably?	And Samuel did that which the LORD spake, and came to Bethlehem. And the elders of the town trembled at his coming, and said, Comest thou peaceably?	And Samuel did that which the Lord spake, and came to Beth–lehem. And the elders of the town trembled at his coming, and said, Comest thou peaceably?
1 Samuel	16	6	plurality 2/4	And it came to pass, when they were come, that he looked on Eliab, and said, Surely the LORD'S anointed is before him.	And it came to pass, when they were come, that he looked on Eliab, and said, Surely the LORD'S anointed is before him.	And it came to pass, when they were come, that he looked on Eliab, and said, Surely the LORD's anointed is before him.	And it came to pass, when they were come, that he looked on Eliab, and said, Surely the LORD'S anointed is before him.	And it came to pass, when they were come, that he looked on Eliab, and said, Surely the Lord's anointed is before him.
1 Samuel	16	7	plurality 2/4	But the LORD said unto Samuel, Look not on his countenance, or on the height of his stature; because I have refused him: for the LORD seeth not as man seeth; for man looketh on the outward appearance, but the LORD looketh on the heart.	But the LORD said unto Samuel, Look not on his countenance, or on the height of his stature; because I have refused him: for the LORD seeth not as man seeth; for man looketh on the outward appearance, but the LORD looketh on the heart.	But the LORD said unto Samuel, Look not on his countenance, or on the height of his stature; because I have refused him: for the Lord seeth not as man seeth; for man looketh on the outward appearance, but the LORD looketh on the heart.	But the LORD said unto Samuel, Look not on his countenance, or on the height of his stature; because I have refused him: for the LORD seeth not as man seeth; for man looketh on the outward appearance, but the LORD looketh on the heart.	But the Lord said unto Samuel, Look not on his countenance, or on the height of his stature; because I have refused him: for the Lord seeth not as man seeth; for man looketh on the outward appearance, but the Lord looketh on the heart.
1 Samuel	16	18	plurality 2/4	Then answered one of the servants, and said, Behold, I have seen a son of Jesse the Beth-lehemite, that is cunning in playing, and a mighty valiant man, and a man of war, and prudent in matters, and a comely person, and the LORD is with him.	Then answered one of the servants, and said, Behold, I have seen a son of Jesse the Beth-lehemite, that is cunning in playing, and a mighty valiant man, and a man of war, and prudent in matters, and a comely person, and the LORD is with him.	Then answered one of the servants, and said, Behold, I have seen a son of Jesse the Beth-lehemite, that is cunning in playing, and a mighty valiant man, and a man of war, and prudent in matters, and a comely person, and the LORD is with him.	Then answered one of the servants, and said, Behold, I have seen a son of Jesse the Bethlehemite, that is cunning in playing, and a mighty valiant man, and a man of war, and prudent in matters, and a comely person, and the LORD is with him.	Then answered one of the servants, and said, Behold, I have seen a son of Jesse the Beth–lehemite, that is cunning in playing, and a mighty valiant man, and a man of war, and prudent in matters, and a comely person, and the Lord is with him.
1 Samuel	17	12	plurality 2/4	Now David was the son of that Ephrathite of Beth-lehem-judah, whose name was Jesse; and he had eight sons: and the man went among men for an old man in the days of Saul.	Now David was the son of that Ephrathite of Beth-lehem-judah, whose name was Jesse; and he had eight sons: and the man went among men for an old man in the days of Saul.	Now David was the son of that Ephrathite of Beth-lehem-judah, whose name was Jesse; and he had eight sons: and the man went among men for an old man in the days of Saul.	Now David was the son of that Ephrathite of Bethlehemjudah, whose name was Jesse; and he had eight sons: and the man went among men for an old man in the days of Saul.	Now David was the son of that Ephrathite of Beth–lehem–judah, whose name was Jesse; and he had eight sons: and the man went among men for an old man in the days of Saul.
1 Samuel	17	13	plurality 3/4	And the three eldest sons of Jesse went and followed Saul to the battle: and the names of his three sons that went to the battle were Eliab the firstborn, and next unto him Abinadab, and the third Shammah.	And the three eldest sons of Jesse went and followed Saul to the battle: and the names of his three sons that went to the battle were Eliab the firstborn, and next unto him Abinadab, and the third Shammah.	And the three eldest sons of Jesse went and followed Saul to the battle: and the names of his three sons that went to the battle were Eliab the firstborn, and next unto him Abinadab, and the third Shammah.	And the three eldest sons of Jesse went and followed Saul to the battle: and the names of his three sons that went to the battle were Eliab the first born, and next unto him Abinadab, and the third Shammah.	And the three eldest sons of Jesse went and followed Saul to the battle: and the names of his three sons that went to the battle were Eliab the firstborn, and next unto him Abinadab, and the third Shammah.
1 Samuel	17	15	plurality 2/4	But David went and returned from Saul to feed his father's sheep at Beth-lehem.	But David went and returned from Saul to feed his father's sheep at Beth-lehem.	But David went and returned from Saul to feed his father's sheep at Beth-lehem.	But David went and returned from Saul to feed his father's sheep at Bethlehem.	But David went and returned from Saul to feed his father's sheep at Beth–lehem.
1 Samuel	17	47	plurality 2/4	And all this assembly shall know that the LORD saveth not with sword and spear: for the battle is the LORD'S, and he will give you into our hands.	And all this assembly shall know that the LORD saveth not with sword and spear: for the battle is the LORD'S, and he will give you into our hands.	And all this assembly shall know that the LORD saveth not with sword and spear: for the battle is the LORD's, and he will give you into our hands.	And all this assembly shall know that the LORD saveth not with sword and spear: for the battle is the LORD'S, and he will give you into our hands.	And all this assembly shall know that the Lord saveth not with sword and spear: for the battle is the Lord's, and he will give you into our hands.
1 Samuel	17	58	plurality 2/4	And Saul said to him, Whose son art thou, thou young man? And David answered, I am the son of thy servant Jesse the Beth-lehemite.	And Saul said to him, Whose son art thou, thou young man? And David answered, I am the son of thy servant Jesse the Beth-lehemite.	And Saul said to him, Whose son art thou, thou young man? And David answered, I am the son of thy servant Jesse the Beth-lehemite.	And Saul said to him, Whose son art thou, thou young man? And David answered, I am the son of thy servant Jesse the Bethlehemite.	And Saul said to him, Whose son art thou, thou young man? And David answered, I am the son of thy servant Jesse the Beth–lehemite.
1 Samuel	18	17	plurality 2/4	And Saul said to David, Behold my elder daughter Merab, her will I give thee to wife: only be thou valiant for me, and fight the LORD'S battles. For Saul said, Let not mine hand be upon him, but let the hand of the Philistines be upon him.	And Saul said to David, Behold my elder daughter Merab, her will I give thee to wife: only be thou valiant for me, and fight the LORD'S battles. For Saul said, Let not mine hand be upon him, but let the hand of the Philistines be upon him.	And Saul said to David, Behold my elder daughter Merab, her will I give thee to wife: only be thou valiant for me, and fight the LORD's battles. For Saul said, Let not mine hand be upon him, but let the hand of the Philistines be upon him.	And Saul said to David, Behold my elder daughter Merab, her will I give thee to wife: only be thou valiant for me, and fight the LORD'S battles. For Saul said, Let not mine hand be upon him, but let the hand of the Philistines be upon him.	And Saul said to David, Behold my elder daughter Merab, her will I give thee to wife: only be thou valiant for me, and fight the Lord's battles. For Saul said, Let not mine hand be upon him, but let the hand of the Philistines be upon him.
1 Samuel	19	13	plurality 3/4	And Michal took an image, and laid it in the bed, and put a pillow of goats' hair for his bolster, and covered it with a cloth.	And Michal took an image, and laid it in the bed, and put a pillow of goats' hair for his bolster, and covered it with a cloth.	And Michal took an image, and laid it in the bed, and put a pillow of goats' hair for his bolster, and covered it with a cloth.	And Michal took an image, and laid it in the bed, and put a pillow of goats hair for his bolster, and covered it with a cloth.	And Michal took an image, and laid it in the bed, and put a pillow of goats' hair for his bolster, and covered it with a cloth.
1 Samuel	19	24	plurality 3/4	And he stripped off his clothes also, and prophesied before Samuel in like manner, and lay down naked all that day and all that night. Wherefore they say, Is Saul also among the prophets?	And he stripped off his clothes also, and prophesied before Samuel in like manner, and lay down naked all that day and all that night. Wherefore they say, Is Saul also among the prophets?	And he stripped off his clothes also, and prophesied before Samuel in like manner, and lay down naked all that day and all that night. Wherefore they say, Is Saul also among the prophets?	And he stript off his clothes also, and prophesied before Samuel in like manner, and lay down naked all that day and all that night. Wherefore they say, Is Saul also among the prophets?	And he stripped off his clothes also, and prophesied before Samuel in like manner, and lay down naked all that day and all that night. Wherefore they say, Is Saul also among the prophets?
1 Samuel	20	6	plurality 2/4	If thy father at all miss me, then say, David earnestly asked leave of me that he might run to Beth-lehem his city: for there is a yearly sacrifice there for all the family.	If thy father at all miss me, then say, David earnestly asked leave of me that he might run to Beth-lehem his city: for there is a yearly sacrifice there for all the family.	If thy father at all miss me, then say, David earnestly asked leave of me that he might run to Beth-lehem his city: for there is a yearly sacrifice there for all the family.	If thy father at all miss me, then say, David earnestly asked leave of me that he might run to Bethlehem his city: for there is a yearly sacrifice there for all the family.	If thy father at all miss me, then say, David earnestly asked leave of me that he might run to Beth–lehem his city: for there is a yearly sacrifice there for all the family.
1 Samuel	20	28	plurality 2/4	And Jonathan answered Saul, David earnestly asked leave of me to go to Beth-lehem:	And Jonathan answered Saul, David earnestly asked leave of me to go to Beth-lehem:	And Jonathan answered Saul, David earnestly asked leave of me to go to Beth-lehem:	And Jonathan answered Saul, David earnestly asked leave of me to go to Bethlehem:	And Jonathan answered Saul, David earnestly asked leave of me to go to Beth–lehem:
1 Samuel	20	42	plurality 2/4	And Jonathan said to David, Go in peace, forasmuch as we have sworn both of us in the name of the LORD, saying, The LORD be between me and thee, and between my seed and thy seed for ever. And he arose and departed: and Jonathan went into the city.	And Jonathan said to David, Go in peace, forasmuch as we have sworn both of us in the name of the LORD, saying, The LORD be between me and thee, and between my seed and thy seed for ever. And he arose and departed: and Jonathan went into the city.	And Jonathan said to David, Go in peace, forasmuch as we have sworn both of us in the name of the LORD, saying, The LORD be between me and thee, and between my seed and thy seed for ever. And he arose and departed: and Jonathan went into the city. be witness of that which etc	And Jonathan said to David, Go in peace, forasmuch as we have sworn both of us in the name of the LORD, saying, The LORD be between me and thee, and between my seed and thy seed for ever. And he arose and departed: and Jonathan went into the city.	And Jonathan said to David, Go in peace, forasmuch as we have sworn both of us in the name of the Lord, saying, The Lord be between me and thee, and between my seed and thy seed for ever. And he arose and departed: and Jonathan went into the city.
1 Samuel	22	21	plurality 2/4	And Abiathar shewed David that Saul had slain the LORD'S priests.	And Abiathar shewed David that Saul had slain the LORD'S priests.	And Abiathar shewed David that Saul had slain the LORD's priests.	And Abiathar shewed David that Saul had slain the LORD'S priests.	And Abiathar shewed David that Saul had slain the Lord's priests.
1 Samuel	23	28	plurality 2/4	Wherefore Saul returned from pursuing after David, and went against the Philistines: therefore they called that place Sela-hammahlekoth.	Wherefore Saul returned from pursuing after David, and went against the Philistines: therefore they called that place Selahammahlekoth.	Wherefore Saul returned from pursuing after David, and went against the Philistines: therefore they called that place Sela-hammahlekoth.	Wherefore Saul returned from pursuing after David, and went against the Philistines: therefore they called that place Sela-hammahlekoth.	Wherefore Saul returned from pursuing after David, and went against the Philistines: therefore they called that place Sela–hammahlekoth.
1 Samuel	24	6	plurality 2/4	And he said unto his men, The LORD forbid that I should do this thing unto my master, the LORD'S anointed, to stretch forth mine hand against him, seeing he is the anointed of the LORD.	And he said unto his men, The LORD forbid that I should do this thing unto my master, the LORD'S anointed, to stretch forth mine hand against him, seeing he is the anointed of the LORD.	And he said unto his men, The LORD forbid that I should do this thing unto my master, the LORD's anointed, to stretch forth mine hand against him, seeing he is the anointed of the LORD.	And he said unto his men, The LORD forbid that I should do this thing unto my master, the LORD'S anointed, to stretch forth mine hand against him, seeing he is the anointed of the LORD.	And he said unto his men, The Lord forbid that I should do this thing unto my master, the Lord's anointed, to stretch forth mine hand against him, seeing he is the anointed of the Lord.
1 Samuel	24	10	plurality 2/4	Behold, this day thine eyes have seen how that the LORD had delivered thee to day into mine hand in the cave: and some bade me kill thee: but mine eye spared thee; and I said, I will not put forth mine hand against my lord; for he is the LORD'S anointed.	Behold, this day thine eyes have seen how that the LORD had delivered thee to day into mine hand in the cave: and some bade me kill thee: but mine eye spared thee; and I said, I will not put forth mine hand against my lord; for he is the LORD'S anointed.	Behold, this day thine eyes have seen how that the LORD had delivered thee to day into mine hand in the cave: and some bade me kill thee: but mine eye spared thee; and I said, I will not put forth mine hand against my lord; for he is the LORD's anointed.	Behold, this day thine eyes have seen how that the LORD had delivered thee to day into mine hand in the cave: and some bade me kill thee: but mine eye spared thee; and I said, I will not put forth mine hand against my lord; for he is the LORD'S anointed.	Behold, this day thine eyes have seen how that the Lord had delivered thee to day into mine hand in the cave: and some bade me kill thee: but mine eye spared thee; and I said, I will not put forth mine hand against my lord; for he is the Lord's anointed.
1 Samuel	24	11	plurality 3/4	Moreover, my father, see, yea, see the skirt of thy robe in my hand: for in that I cut off the skirt of thy robe, and killed thee not, know thou and see that there is neither evil nor transgression in mine hand, and I have not sinned against thee; yet thou huntest my soul to take it.	Moreover, my father, see, yea, see the skirt of thy robe in my hand: for in that I cut off the skirt of thy robe, and killed thee not, know thou and see that there is neither evil nor transgression in mine hand, and I have not sinned against thee; yet thou huntest my soul to take it.	Moreover, my father, see, yea, see the skirt of thy robe in my hand: for in that I cut off the skirt of thy robe, and killed thee not, know thou and see that there is neither evil nor transgression in mine hand, and I have not sinned against thee; yet thou huntest my soul to take it.	Moreover, my father, see, yea, see the skirt of thy robe in my hand: for in that I cut off the skirt of thy robe and killed thee not, know thou and see that there is neither evil nor transgression in mine hand, and I have not sinned against thee; yet thou huntest my soul to take it.	Moreover, my father, see, yea, see the skirt of thy robe in my hand: for in that I cut off the skirt of thy robe, and killed thee not, know thou and see that there is neither evil nor transgression in mine hand, and I have not sinned against thee; yet thou huntest my soul to take it.
1 Samuel	25	40	plurality 3/4	And when the servants of David were come to Abigail to Carmel, they spake unto her, saying, David sent us unto thee, to take thee to him to wife.	And when the servants of David were come to Abigail to Carmel, they spake unto her, saying, David sent us unto thee, to take thee to him to wife.	And when the servants of David were come to Abigail to Carmel, they spake unto her, saying, David sent us unto thee, to take thee to him to wife.	And when the servants of David were come to Abigail to Carmel, they spake unto her, saying, David sent us unto thee to take thee to him to wife.	And when the servants of David were come to Abigail to Carmel, they spake unto her, saying, David sent us unto thee, to take thee to him to wife.
1 Samuel	26	9	plurality 2/4	And David said to Abishai, Destroy him not: for who can stretch forth his hand against the LORD'S anointed, and be guiltless?	And David said to Abishai, Destroy him not: for who can stretch forth his hand against the LORD'S anointed, and be guiltless?	And David said to Abishai, Destroy him not: for who can stretch forth his hand against the LORD's anointed, and be guiltless?	And David said to Abishai, Destroy him not: for who can stretch forth his hand against the LORD'S anointed, and be guiltless?	And David said to Abishai, Destroy him not: for who can stretch forth his hand against the Lord's anointed, and be guiltless?
1 Samuel	26	11	plurality 2/4	The LORD forbid that I should stretch forth mine hand against the LORD'S anointed: but, I pray thee, take thou now the spear that is at his bolster, and the cruse of water, and let us go.	The LORD forbid that I should stretch forth mine hand against the LORD'S anointed: but, I pray thee, take thou now the spear that is at his bolster, and the cruse of water, and let us go.	The LORD forbid that I should stretch forth mine hand against the LORD's anointed: but, I pray thee, take thou now the spear that is at his bolster, and the cruse of water, and let us go.	The LORD forbid that I should stretch forth mine hand against the LORD'S anointed: but, I pray thee, take thou now the spear that is at his bolster, and the cruse of water, and let us go.	The Lord forbid that I should stretch forth mine hand against the Lord's anointed: but, I pray thee, take thou now the spear that is at his bolster, and the cruse of water, and let us go.
1 Samuel	26	16	plurality 2/4	This thing is not good that thou hast done. As the LORD liveth, ye are worthy to die, because ye have not kept your master, the LORD'S anointed. And now see where the king's spear is, and the cruse of water that was at his bolster.	This thing is not good that thou hast done. As the LORD liveth, ye are worthy to die, because ye have not kept your master, the LORD'S anointed. And now see where the king's spear is, and the cruse of water that was at his bolster.	This thing is not good that thou hast done. As the LORD liveth, ye are worthy to die, because ye have not kept your master, the LORD's anointed. And now see where the king's spear is, and the cruse of water that was at his bolster.	This thing is not good that thou hast done. As the LORD liveth, ye are worthy to die, because ye have not kept your master, the LORD'S anointed. And now see where the king's spear is, and the cruse of water that was at his bolster.	This thing is not good that thou hast done. As the Lord liveth, ye are worthy to die, because ye have not kept your master, the Lord's anointed. And now see where the king's spear is, and the cruse of water that was at his bolster.
1 Samuel	26	23	plurality 2/4	The LORD render to every man his righteousness and his faithfulness: for the LORD delivered thee into my hand to day, but I would not stretch forth mine hand against the LORD'S anointed.	The LORD render to every man his righteousness and his faithfulness: for the LORD delivered thee into my hand to day, but I would not stretch forth mine hand against the LORD'S anointed.	The LORD render to every man his righteousness and his faithfulness: for the LORD delivered thee into my hand to day, but I would not stretch forth mine hand against the LORD's anointed.	The LORD render to every man his righteousness and his faithfulness: for the LORD delivered thee into my hand to day, but I would not stretch forth mine hand against the LORD'S anointed.	The Lord render to every man his righteousness and his faithfulness: for the Lord delivered thee into my hand to day, but I would not stretch forth mine hand against the Lord's anointed.
1 Samuel	28	6	plurality 2/4	And when Saul enquired of the LORD, the LORD answered him not, neither by dreams, nor by Urim, nor by prophets.	And when Saul enquired of the LORD, the LORD answered him not, neither by dreams, nor by Urim, nor by prophets.	And when Saul enquired of the LORD, the LORD answered him not, neither by dreams, nor by Urim, nor by prophets.	And when Saul enquired of the LORD, the LORD answered him not, neither by dreams nor by Urim, nor by prophets.	And when Saul enquired of the Lord, the Lord answered him not, neither by dreams, nor by Urim, nor by prophets.
1 Samuel	28	7	plurality 2/4	Then said Saul unto his servants, Seek me a woman that hath a familiar spirit, that I may go to her, and enquire of her. And his servants said to him, Behold, there is a woman that hath a familiar spirit at Endor.	Then said Saul unto his servants, Seek me a woman that hath a familiar spirit, that I may go to her, and enquire of her. And his servants said to him, Behold, there is a woman that hath a familiar spirit at En-dor.	Then said Saul unto his servants, Seek me a woman that hath a familiar spirit, that I may go to her, and enquire of her. And his servants said to him, Behold, there is a woman that hath a familiar spirit at Endor.	Then said Saul unto his servants, Seek me a woman that hath a familiar spirit, that I may go to her, and enquire of her. And his servants said to him, Behold, there is a woman that hath a familiar spirit at Endor.	Then said Saul unto his servants, Seek me a woman that hath a familiar spirit, that I may go to her, and enquire of her. And his servants said to him, Behold, there is a woman that hath a familiar spirit at En–dor.
1 Samuel	30	27	plurality 2/4	To them which were in Beth-el, and to them which were in south Ramoth, and to them which were in Jattir,	To them which were in Beth-el, and to them which were in south Ramoth, and to them which were in Jattir,	To them which were in Beth-el, and to them which were in south Ramoth, and to them which were in Jattir,	To them which were in Bethel, and to them which were in south Ramoth, and to them which were in Jattir,	To them which were in Beth–el, and to them which were in south Ramoth, and to them which were in Jattir,
1 Samuel	30	30	plurality 2/4	And to them which were in Hormah, and to them which were in Chor-ashan, and to them which were in Athach,	And to them which were in Hormah, and to them which were in Chorashan, and to them which were in Athach,	And to them which were in Hormah, and to them which were in Chor-ashan, and to them which were in Athach,	And to them which were in Hormah, and to them which were in Chor-ashan, and to them which were in Athach,	And to them which were in Hormah, and to them which were in Chor–ashan, and to them which were in Athach,
1 Samuel	31	2	plurality 2/4	And the Philistines followed hard upon Saul and upon his sons; and the Philistines slew Jonathan, and Abinadab, and Malchi-shua, Saul's sons.	And the Philistines followed hard upon Saul and upon his sons; and the Philistines slew Jonathan, and Abinadab, and Malchi-shua, Saul's sons.	And the Philistines followed hard upon Saul and upon his sons; and the Philistines slew Jonathan, and Abinadab, and Malchi-shua, Saul's sons.	And the Philistines followed hard upon Saul and upon his sons; and the Philistines slew Jonathan, and Abinadab, and Melchi-shua, Saul's sons.	And the Philistines followed hard upon Saul and upon his sons; and the Philistines slew Jonathan, and Abinadab, and Malchi–shua, Saul's sons.
2 Samuel	1	9	plurality 3/4	He said unto me again, Stand, I pray thee, upon me, and slay me: for anguish is come upon me, because my life is yet whole in me.	He said unto me again, Stand, I pray thee, upon me, and slay me: for anguish is come upon me, because my life is yet whole in me.	He said unto me again, Stand, I pray thee, upon me, and slay me: for anguish is come upon me, because my life is yet whole in me.	And he said unto me again, Stand, I pray thee, upon me, and slay me: for anguish is come upon me, because my life is yet whole in me.	He said unto me again, Stand, I pray thee, upon me, and slay me: for anguish is come upon me, because my life is yet whole in me.
2 Samuel	1	14	plurality 2/4	And David said unto him, How wast thou not afraid to stretch forth thine hand to destroy the LORD'S anointed?	And David said unto him, How wast thou not afraid to stretch forth thine hand to destroy the LORD'S anointed?	And David said unto him, How wast thou not afraid to stretch forth thine hand to destroy the LORD's anointed?	And David said unto him, How wast thou not afraid to stretch forth thine hand to destroy the LORD'S anointed?	And David said unto him, How wast thou not afraid to stretch forth thine hand to destroy the Lord's anointed?
2 Samuel	1	16	plurality 2/4	And David said unto him, Thy blood be upon thy head; for thy mouth hath testified against thee, saying, I have slain the LORD'S anointed.	And David said unto him, Thy blood be upon thy head; for thy mouth hath testified against thee, saying, I have slain the LORD'S anointed.	And David said unto him, Thy blood be upon thy head; for thy mouth hath testified against thee, saying, I have slain the LORD's anointed.	And David said unto him, Thy blood be upon thy head; for thy mouth hath testified against thee, saying, I have slain the LORD'S anointed.	And David said unto him, Thy blood be upon thy head; for thy mouth hath testified against thee, saying, I have slain the Lord's anointed.
2 Samuel	2	32	plurality 2/4	And they took up Asahel, and buried him in the sepulchre of his father, which was in Beth-lehem. And Joab and his men went all night, and they came to Hebron at break of day.	And they took up Asahel, and buried him in the sepulchre of his father, which was in Beth-lehem. And Joab and his men went all night, and they came to Hebron at break of day.	And they took up Asahel, and buried him in the sepulchre of his father, which was in Beth-lehem. And Joab and his men went all night, and they came to Hebron at break of day.	And they took up Asahel, and buried him in the sepulchre of his father, which was in Bethlehem. And Joab and his men went all night, and they came to Hebron at break of day.	And they took up Asahel, and buried him in the sepulchre of his father, which was in Beth–lehem. And Joab and his men went all night, and they came to Hebron at break of day.
2 Samuel	3	22	plurality 3/4	And, behold, the servants of David and Joab came from pursuing a troop, and brought in a great spoil with them: but Abner was not with David in Hebron; for he had sent him away, and he was gone in peace.	And, behold, the servants of David and Joab came from pursuing a troop, and brought in a great spoil with them: but Abner was not with David in Hebron; for he had sent him away, and he was gone in peace.	And, behold, the servants of David and Joab came from pursuing a troop, and brought in a great spoil with them: but Abner was not with David in Hebron; for he had sent him away, and he was gone in peace.	And, Behold, the servants of David and Joab came from pursuing a troop, and brought in a great spoil with them: but Abner was not with David in Hebron; for he had sent him away, and he was gone in peace.	And, behold, the servants of David and Joab came from pursuing a troop, and brought in a great spoil with them: but Abner was not with David in Hebron; for he had sent him away, and he was gone in peace.
2 Samuel	5	14	plurality 3/4	And these be the names of those that were born unto him in Jerusalem; Shammua, and Shobab, and Nathan, and Solomon,	And these be the names of those that were born unto him in Jerusalem; Shammua, and Shobab, and Nathan, and Solomon,	And these be the names of those that were born unto him in Jerusalem; Shammua, and Shobab, and Nathan, and Solomon,	And these be the names of those that were born unto him in Jerusalem; Shammuah, and Shobab, and Nathan, and Solomon,	And these be the names of those that were born unto him in Jerusalem; Shammua, and Shobab, and Nathan, and Solomon,
2 Samuel	6	2	plurality 2/4	And David arose, and went with all the people that were with him from Baale of Judah, to bring up from thence the ark of God, whose name is called by the name of the LORD of hosts that dwelleth between the cherubims.	And David arose, and went with all the people that were with him from Baale of Judah, to bring up from thence the ark of God, whose name is called by the name of the LORD of hosts that dwelleth between the cherubims.	And David arose, and went with all the people that were with him from Baale of Judah, to bring up from thence the ark of God, whose name is called by the name of the LORD of hosts that dwelleth between the cherubims. of hosts, was called upon	And David arose, and went with all the people that were with him from Baale of Judah, to bring up from thence the ark of God, whose name is called by the name of the LORD of hosts that dwelleth between the cherubims.	And David arose, and went with all the people that were with him from Baale of Judah, to bring up from thence the ark of God, whose name is called by the name of the Lord of hosts that dwelleth between the cherubims.
2 Samuel	6	20	plurality 3/4	Then David returned to bless his household. And Michal the daughter of Saul came out to meet David, and said, How glorious was the king of Israel to day, who uncovered himself to day in the eyes of the handmaids of his servants, as one of the vain fellows shamelessly uncovereth himself!	Then David returned to bless his household. And Michal the daughter of Saul came out to meet David, and said, How glorious was the king of Israel to day, who uncovered himself to day in the eyes of the handmaids of his servants, as one of the vain fellows shamelessly uncovereth himself!	Then David returned to bless his household. And Michal the daughter of Saul came out to meet David, and said, How glorious was the king of Israel to day, who uncovered himself to day in the eyes of the handmaids of his servants, as one of the vain fellows shamelessly uncovereth himself!	Then David returned to bless his household. And Michal the daughter of Saul came out to meet David, and said, How glorious was the king of Israel today, who uncovered himself to day in the eyes of the handmaids of his servants, as one of the vain fellows shamelessly uncovereth himself!	Then David returned to bless his household. And Michal the daughter of Saul came out to meet David, and said, How glorious was the king of Israel to day, who uncovered himself to day in the eyes of the handmaids of his servants, as one of the vain fellows shamelessly uncovereth himself!
2 Samuel	13	28	plurality 3/4	Now Absalom had commanded his servants, saying, Mark ye now when Amnon's heart is merry with wine, and when I say unto you, Smite Amnon; then kill him, fear not: have not I commanded you? be courageous, and be valiant.	Now Absalom had commanded his servants, saying, Mark ye now when Amnon's heart is merry with wine, and when I say unto you, Smite Amnon; then kill him, fear not: have not I commanded you? be courageous, and be valiant.	Now Absalom had commanded his servants, saying, Mark ye now when Amnon's heart is merry with wine, and when I say unto you, Smite Amnon; then kill him, fear not: have not I commanded you? be courageous, and be valiant.	Now Absalom had commanded his servants, saying, Mark ye now when Amnon's heart is merry with wine, and when I say unto you, Smite Amnon; then kill him, fear not: have not I commanded you? be courageous and be valiant.	Now Absalom had commanded his servants, saying, Mark ye now when Amnon's heart is merry with wine, and when I say unto you, Smite Amnon; then kill him, fear not: have not I commanded you? be courageous, and be valiant.
2 Samuel	14	22	plurality 3/4	And Joab fell to the ground on his face, and bowed himself, and thanked the king: and Joab said, To day thy servant knoweth that I have found grace in thy sight, my lord, O king, in that the king hath fulfilled the request of his servant.	And Joab fell to the ground on his face, and bowed himself, and thanked the king: and Joab said, To day thy servant knoweth that I have found grace in thy sight, my lord, O king, in that the king hath fulfilled the request of his servant.	And Joab fell to the ground on his face, and bowed himself, and thanked the king: and Joab said, To day thy servant knoweth that I have found grace in thy sight, my lord, O king, in that the king hath fulfilled the request of his servant.	And Joab fell to the ground on his face, and bowed himself, and thanked the king: and Joab said, Today thy servant knoweth that I have found grace in thy sight, my lord, O king, in that the king hath fulfilled the request of his servant.	And Joab fell to the ground on his face, and bowed himself, and thanked the king: and Joab said, To day thy servant knoweth that I have found grace in thy sight, my lord, O king, in that the king hath fulfilled the request of his servant.
2 Samuel	16	3	plurality 3/4	And the king said, And where is thy master's son? And Ziba said unto the king, Behold, he abideth at Jerusalem: for he said, To day shall the house of Israel restore me the kingdom of my father.	And the king said, And where is thy master's son? And Ziba said unto the king, Behold, he abideth at Jerusalem: for he said, To day shall the house of Israel restore me the kingdom of my father.	And the king said, And where is thy master's son? And Ziba said unto the king, Behold, he abideth at Jerusalem: for he said, To day shall the house of Israel restore me the kingdom of my father.	And the king said, And where is thy master's son? And Ziba said unto the king, Behold, he abideth at Jerusalem: for he said, Today shall the house of Israel restore me the kingdom of my father.	And the king said, And where is thy master's son? And Ziba said unto the king, Behold, he abideth at Jerusalem: for he said, To day shall the house of Israel restore me the kingdom of my father.
2 Samuel	19	21	plurality 2/4	But Abishai the son of Zeruiah answered and said, Shall not Shimei be put to death for this, because he cursed the LORD'S anointed?	But Abishai the son of Zeruiah answered and said, Shall not Shimei be put to death for this, because he cursed the LORD'S anointed?	But Abishai the son of Zeruiah answered and said, Shall not Shimei be put to death for this, because he cursed the LORD's anointed?	But Abishai the son of Zeruiah answered and said, Shall not Shimei be put to death for this, because he cursed the LORD'S anointed?	But Abishai the son of Zeruiah answered and said, Shall not Shimei be put to death for this, because he cursed the Lord's anointed?
2 Samuel	21	7	plurality 2/4	But the king spared Mephibosheth, the son of Jonathan the son of Saul, because of the LORD'S oath that was between them, between David and Jonathan the son of Saul.	But the king spared Mephibosheth, the son of Jonathan the son of Saul, because of the LORD'S oath that was between them, between David and Jonathan the son of Saul.	But the king spared Mephibosheth, the son of Jonathan the son of Saul, because of the LORD's oath that was between them, between David and Jonathan the son of Saul.	But the king spared Mephibosheth, the son of Jonathan the son of Saul, because of the LORD'S oath that was between them, between David and Jonathan the son of Saul.	But the king spared Mephibosheth, the son of Jonathan the son of Saul, because of the Lord's oath that was between them, between David and Jonathan the son of Saul.
2 Samuel	21	19	plurality 2/4	And there was again a battle in Gob with the Philistines, where Elhanan the son of Jaare-oregim, a Beth-lehemite, slew the brother of Goliath the Gittite, the staff of whose spear was like a weaver's beam.	And there was again a battle in Gob with the Philistines, where Elhanan the son of Jaare-oregim, a Beth-lehemite, slew the brother of Goliath the Gittite, the staff of whose spear was like a weaver's beam.	And there was again a battle in Gob with the Philistines, where Elhanan the son of Jaare-oregim, a Beth-lehemite, slew the brother of Goliath the Gittite, the staff of whose spear was like a weaver's beam.	And there was again a battle in Gob with the Philistines, where Elhanan the son of Jaare-oregim, a Bethlehemite, slew the brother of Goliath the Gittite, the staff of whose spear was like a weaver's beam.	And there was again a battle in Gob with the Philistines, where Elhanan the son of Jaare–oregim, a Beth–lehemite, slew the brother of Goliath the Gittite, the staff of whose spear was like a weaver's beam.
2 Samuel	21	21	plurality 3/4	And when he defied Israel, Jonathan the son of Shimea the brother of David slew him.	And when he defied Israel, Jonathan the son of Shimea the brother of David slew him.	And when he defied Israel, Jonathan the son of Shimea the brother of David slew him.	And when he defied Israel, Jonathan the son of Shimeah the brother of David slew him.	And when he defied Israel, Jonathan the son of Shimea the brother of David slew him.
2 Samuel	22	34	plurality 3/4	He maketh my feet like hinds' feet: and setteth me upon my high places.	He maketh my feet like hinds' feet: and setteth me upon my high places.	He maketh my feet like hinds' feet: and setteth me upon my high places.	He maketh my feet like hinds feet: and setteth me upon my high places.	He maketh my feet like hinds' feet: and setteth me upon my high places.
2 Samuel	23	14	plurality 2/4	And David was then in an hold, and the garrison of the Philistines was then in Beth-lehem.	And David was then in an hold, and the garrison of the Philistines was then in Beth-lehem.	And David was then in an hold, and the garrison of the Philistines was then in Beth-lehem.	And David was then in an hold, and the garrison of the Philistines was then in Bethlehem.	And David was then in an hold, and the garrison of the Philistines was then in Beth–lehem.
2 Samuel	23	15	plurality 2/4	And David longed, and said, Oh that one would give me drink of the water of the well of Beth-lehem, which is by the gate!	And David longed, and said, Oh that one would give me drink of the water of the well of Beth-lehem, which is by the gate!	And David longed, and said, Oh that one would give me drink of the water of the well of Beth-lehem, which is by the gate!	And David longed, and said, Oh that one would give me drink of the water of the well of Bethlehem, which is by the gate!	And David longed, and said, Oh that one would give me drink of the water of the well of Beth–lehem, which is by the gate!
2 Samuel	23	16	plurality 2/4	And the three mighty men brake through the host of the Philistines, and drew water out of the well of Beth-lehem, that was by the gate, and took it, and brought it to David: nevertheless he would not drink thereof, but poured it out unto the LORD.	And the three mighty men brake through the host of the Philistines, and drew water out of the well of Beth-lehem, that was by the gate, and took it, and brought it to David: nevertheless he would not drink thereof, but poured it out unto the LORD.	And the three mighty men brake through the host of the Philistines, and drew water out of the well of Beth-lehem, that was by the gate, and took it, and brought it to David: nevertheless he would not drink thereof, but poured it out unto the LORD.	And the three mighty men brake through the host of the Philistines, and drew water out of the well of Bethlehem, that was by the gate, and took it, and brought it to David: nevertheless he would not drink thereof, but poured it out unto the LORD.	And the three mighty men brake through the host of the Philistines, and drew water out of the well of Beth–lehem, that was by the gate, and took it, and brought it to David: nevertheless he would not drink thereof, but poured it out unto the Lord.
2 Samuel	23	24	plurality 2/4	Asahel the brother of Joab was one of the thirty; Elhanan the son of Dodo of Beth-lehem,	Asahel the brother of Joab was one of the thirty; Elhanan the son of Dodo of Beth-lehem,	Asahel the brother of Joab was one of the thirty; Elhanan the son of Dodo of Beth-lehem,	Asahel the brother of Joab was one of the thirty; Elhanan the son of Dodo of Bethlehem,	Asahel the brother of Joab was one of the thirty; Elhanan the son of Dodo of Beth–lehem,
2 Samuel	23	37	plurality 3/4	Zelek the Ammonite, Naharai the Beerothite, armourbearer to Joab the son of Zeruiah,	Zelek the Ammonite, Naharai the Beerothite, armourbearer to Joab the son of Zeruiah,	Zelek the Ammonite, Naharai the Beerothite, armourbearer to Joab the son of Zeruiah,	Zelek the Ammonite, Nahari the Beerothite, armourbearer to Joab the son of Zeruiah,	Zelek the Ammonite, Naharai the Beerothite, armourbearer to Joab the son of Zeruiah,
1 Kings	5	14	plurality 3/4	And he sent them to Lebanon, ten thousand a month by courses: a month they were in Lebanon, and two months at home: and Adoniram was over the levy.	And he sent them to Lebanon, ten thousand a month by courses: a month they were in Lebanon, and two months at home: and Adoniram was over the levy.	And he sent them to Lebanon, ten thousand a month by courses: a month they were in Lebanon, and two months at home: and Adoniram was over the levy.	And he sent them to Lebanon ten thousand a month by courses: a month they were in Lebanon, and two months at home: and Adoniram was over the levy.	And he sent them to Lebanon, ten thousand a month by courses: a month they were in Lebanon, and two months at home: and Adoniram was over the levy.
1 Kings	7	21	plurality 3/4	And he set up the pillars in the porch of the temple: and he set up the right pillar, and called the name thereof Jachin: and he set up the left pillar, and called the name thereof Boaz.	And he set up the pillars in the porch of the temple: and he set up the right pillar, and called the name thereof Jachin: and he set up the left pillar, and called the name thereof Boaz.	And he set up the pillars in the porch of the temple: and he set up the right pillar, and called the name thereof Jachin: and he set up the left pillar, and called the name thereof Boaz.	And he set up the pillars in the porch of the temple: and he set up the right pillar, and called the name thereof Jachin: and he set up the left pillar, and he called the name thereof Boaz.	And he set up the pillars in the porch of the temple: and he set up the right pillar, and called the name thereof Jachin: and he set up the left pillar, and called the name thereof Boaz.
1 Kings	7	32	plurality 3/4	And under the borders were four wheels; and the axletrees of the wheels were joined to the base: and the height of a wheel was a cubit and half a cubit.	And under the borders were four wheels; and the axletrees of the wheels were joined to the base: and the height of a wheel was a cubit and half a cubit.	And under the borders were four wheels; and the axletrees of the wheels were joined to the base: and the height of a wheel was a cubit and half a cubit.	And under the borders were four wheels; and the axletrees of the wheels were joined to the base: and the height of a wheel was a cubit and a half a cubit.	And under the borders were four wheels; and the axletrees of the wheels were joined to the base: and the height of a wheel was a cubit and half a cubit.
1 Kings	8	12	plurality 2/4	Then spake Solomon, The LORD said that he would dwell in the thick darkness.	Then spake Solomon, The LORD said that he would dwell in the thick darkness.	Then spake Solomon, The LORD said that he would dwell in the thick darkness.	Then spake Solomon, The LORD said that he would dwell in thick darkness.	Then spake Solomon, The Lord said that he would dwell in the thick darkness.
1 Kings	8	50	plurality 3/4	And forgive thy people that have sinned against thee, and all their transgressions wherein they have transgressed against thee, and give them compassion before them who carried them captive, that they may have compassion on them:	And forgive thy people that have sinned against thee, and all their transgressions wherein they have transgressed against thee, and give them compassion before them who carried them captive, that they may have compassion on them:	And forgive thy people that have sinned against thee, and all their transgressions wherein they have transgressed against thee, and give them compassion before them who carried them captive, that they may have compassion on them:	And forgive thy people that have sinned against thee and all their transgressions wherein they have transgressed against thee, and give them compassion before them who carried them captive, that they may have compassion on them:	And forgive thy people that have sinned against thee, and all their transgressions wherein they have transgressed against thee, and give them compassion before them who carried them captive, that they may have compassion on them:
1 Kings	9	11	plurality 2/4	(Now Hiram the king of Tyre had furnished Solomon with cedar trees and fir trees, and with gold, according to all his desire,) that then king Solomon gave Hiram twenty cities in the land of Galilee.	(Now Hiram the king of Tyre had furnished Solomon with cedar trees and fir trees, and with gold, according to all his desire,) that then king Solomon gave Hiram twenty cities in the land of Galilee.	( Now Hiram the king of Tyre had furnished Solomon with cedar trees and fir trees, and with gold, according to all his desire,) that then king Solomon gave Hiram twenty cities in the land of Galilee.	( Now Hiram the king of Tyre had furnished Solomon with cedar trees and fir trees, and with gold, according to all his desire,) that then king Solomon gave Hiram twenty cities in the land of Galilee.	(Now Hiram the king of Tyre had furnished Solomon with cedar trees and fir trees, and with gold, according to all his desire,) that then king Solomon gave Hiram twenty cities in the land of Galilee.
1 Kings	9	18	plurality 3/4	And Baalath, and Tadmor in the wilderness, in the land,	And Baalath, and Tadmor in the wilderness, in the land,	And Baalath, and Tadmor in the wilderness, in the land,	and Baalath, and Tadmor in the wilderness, in the land,	And Baalath, and Tadmor in the wilderness, in the land,
1 Kings	10	14	plurality 3/4	Now the weight of gold that came to Solomon in one year was six hundred threescore and six talents of gold,	Now the weight of gold that came to Solomon in one year was six hundred threescore and six talents of gold,	Now the weight of gold that came to Solomon in one year was six hundred threescore and six talents of gold,	Now the weight of gold that came to Solomon in one year was six hundred threescore and six talents of gold.	Now the weight of gold that came to Solomon in one year was six hundred threescore and six talents of gold,
1 Kings	12	29	plurality 2/4	And he set the one in Beth-el, and the other put he in Dan.	And he set the one in Beth-el, and the other put he in Dan.	And he set the one in Beth-el, and the other put he in Dan.	And he set the one in Bethel, and the other put he in Dan.	And he set the one in Beth–el, and the other put he in Dan.
1 Kings	12	32	plurality 2/4	And Jeroboam ordained a feast in the eighth month, on the fifteenth day of the month, like unto the feast that is in Judah, and he offered upon the altar. So did he in Beth-el, sacrificing unto the calves that he had made: and he placed in Beth-el the priests of the high places which he had made.	And Jeroboam ordained a feast in the eighth month, on the fifteenth day of the month, like unto the feast that is in Judah, and he offered upon the altar. So did he in Beth-el, sacrificing unto the calves that he had made: and he placed in Beth-el the priests of the high places which he had made.	And Jeroboam ordained a feast in the eighth month, on the fifteenth day of the month, like unto the feast that is in Judah, and he offered upon the altar. So did he in Beth-el, sacrificing unto the calves that he had made: and he placed in Beth-el the priests of the high places which he had made.	And Jeroboam ordained a feast in the eighth month, on the fifteenth day of the month, like unto the feast that is in Judah, and he offered upon the altar. So did he in Bethel, sacrificing unto the calves that he had made: and he placed in Bethel the priests of the high places which he had made.	And Jeroboam ordained a feast in the eighth month, on the fifteenth day of the month, like unto the feast that is in Judah, and he offered upon the altar. So did he in Beth–el, sacrificing unto the calves that he had made: and he placed in Beth–el the priests of the high places which he had made.
1 Kings	12	33	plurality 2/4	So he offered upon the altar which he had made in Beth-el the fifteenth day of the eighth month, even in the month which he had devised of his own heart; and ordained a feast unto the children of Israel: and he offered upon the altar, and burnt incense.	So he offered upon the altar which he had made in Beth-el the fifteenth day of the eighth month, even in the month which he had devised of his own heart; and ordained a feast unto the children of Israel: and he offered upon the altar, and burnt incense.	So he offered upon the altar which he had made in Beth-el the fifteenth day of the eighth month, even in the month which he had devised of his own heart; and ordained a feast unto the children of Israel: and he offered upon the altar, and burnt incense.	So he offered upon the altar which he had made in Bethel the fifteenth day of the eighth month, even in the month which he had devised of his own heart; and ordained a feast unto the children of Israel: and he offered upon the altar, and burnt incense.	So he offered upon the altar which he had made in Beth–el the fifteenth day of the eighth month, even in the month which he had devised of his own heart; and ordained a feast unto the children of Israel: and he offered upon the altar, and burnt incense.
1 Kings	13	1	plurality 2/4	And, behold, there came a man of God out of Judah by the word of the LORD unto Beth-el: and Jeroboam stood by the altar to burn incense.	And, behold, there came a man of God out of Judah by the word of the LORD unto Beth-el: and Jeroboam stood by the altar to burn incense.	And, behold, there came a man of God out of Judah by the word of the LORD unto Beth-el: and Jeroboam stood by the altar to burn incense.	And, behold, there came a man of God out of Judah by the word of the LORD unto Bethel: and Jeroboam stood by the altar to burn incense.	And, behold, there came a man of God out of Judah by the word of the Lord unto Beth–el: and Jeroboam stood by the altar to burn incense.
1 Kings	13	4	plurality 2/4	And it came to pass, when king Jeroboam heard the saying of the man of God, which had cried against the altar in Beth-el, that he put forth his hand from the altar, saying, Lay hold on him. And his hand, which he put forth against him, dried up, so that he could not pull it in again to him.	And it came to pass, when king Jeroboam heard the saying of the man of God, which had cried against the altar in Beth-el, that he put forth his hand from the altar, saying, Lay hold on him. And his hand, which he put forth against him, dried up, so that he could not pull it in again to him.	And it came to pass, when king Jeroboam heard the saying of the man of God, which had cried against the altar in Beth-el, that he put forth his hand from the altar, saying, Lay hold on him. And his hand, which he put forth against him, dried up, so that he could not pull it in again to him.	And it came to pass, when king Jeroboam heard the saying of the man of God, which had cried against the altar in Bethel, that he put forth his hand from the altar, saying, Lay hold on him. And his hand, which he put forth against him, dried up, so that he could not pull it in again to him.	And it came to pass, when king Jeroboam heard the saying of the man of God, which had cried against the altar in Beth–el, that he put forth his hand from the altar, saying, Lay hold on him. And his hand, which he put forth against him, dried up, so that he could not pull it in again to him.
1 Kings	13	6	plurality 2/4	And the king answered and said unto the man of God, Intreat now the face of the LORD thy God, and pray for me, that my hand may be restored me again. And the man of God besought the LORD, and the king's hand was restored him again, and became as it was before.	And the king answered and said unto the man of God, Intreat now the face of the LORD thy God, and pray for me, that my hand may be restored me again. And the man of God besought the LORD, and the king's hand was restored him again, and became as it was before.	And the king answered and said unto the man of God, Intreat now the face of the LORD thy God, and pray for me, that my hand may be restored me again. And the man of God besought the LORD, and the king's hand was restored him again, and became as it was before., and: Heb. the face of the LORD, etc	And the king answered and said unto the man of God, Intreat now the face of the LORD thy God, and pray for me, that my hand may be restored me again. And the man of God besought the LORD, and the king's hand was restored him again, and became as it was before.	And the king answered and said unto the man of God, Intreat now the face of the Lord thy God, and pray for me, that my hand may be restored me again. And the man of God besought the Lord, and the king's hand was restored him again, and became as it was before.
1 Kings	13	10	plurality 2/4	So he went another way, and returned not by the way that he came to Beth-el.	So he went another way, and returned not by the way that he came to Beth-el.	So he went another way, and returned not by the way that he came to Beth-el.	So he went another way, and returned not by the way that he came to Bethel.	So he went another way, and returned not by the way that he came to Beth–el.
1 Kings	13	11	plurality 2/4	Now there dwelt an old prophet in Beth-el; and his sons came and told him all the works that the man of God had done that day in Beth-el: the words which he had spoken unto the king, them they told also to their father.	Now there dwelt an old prophet in Beth-el; and his sons came and told him all the works that the man of God had done that day in Beth-el: the words which he had spoken unto the king, them they told also to their father.	Now there dwelt an old prophet in Beth-el; and his sons came and told him all the works that the man of God had done that day in Beth-el: the words which he had spoken unto the king, them they told also to their father.	Now there dwelt an old prophet in Bethel; and his sons came and told him all the works that the man of God had done that day in Bethel: the words which he had spoken unto the king, them they told also to their father.	Now there dwelt an old prophet in Beth–el; and his sons came and told him all the works that the man of God had done that day in Beth–el: the words which he had spoken unto the king, them they told also to their father.
1 Kings	13	22	plurality 2/4	But camest back, and hast eaten bread and drunk water in the place, of the which the LORD did say to thee, Eat no bread, and drink no water; thy carcase shall not come unto the sepulchre of thy fathers.	But camest back, and hast eaten bread and drunk water in the place, of the which the LORD did say to thee, Eat no bread, and drink no water; thy carcase shall not come unto the sepulchre of thy fathers.	But camest back, and hast eaten bread and drunk water in the place, of the which the Lord did say to thee, Eat no bread, and drink no water; thy carcase shall not come unto the sepulchre of thy fathers.	But camest back, and hast eaten bread and drunk water in the place, of the which the LORD did say to thee, Eat no bread, and drink no water; thy carcase shall not come unto the sepulchre of thy fathers.	But camest back, and hast eaten bread and drunk water in the place, of the which the Lord did say to thee, Eat no bread, and drink no water; thy carcase shall not come unto the sepulchre of thy fathers.
1 Kings	13	32	plurality 2/4	For the saying which he cried by the word of the LORD against the altar in Beth-el, and against all the houses of the high places which are in the cities of Samaria, shall surely come to pass.	For the saying which he cried by the word of the LORD against the altar in Beth-el, and against all the houses of the high places which are in the cities of Samaria, shall surely come to pass.	For the saying which he cried by the word of the LORD against the altar in Beth-el, and against all the houses of the high places which are in the cities of Samaria, shall surely come to pass.	For the saying which he cried by the word of the LORD against the altar in Bethel, and against all the houses of the high places which are in the cities of Samaria, shall surely come to pass.	For the saying which he cried by the word of the Lord against the altar in Beth–el, and against all the houses of the high places which are in the cities of Samaria, shall surely come to pass.
1 Kings	14	6	plurality 3/4	And it was so, when Ahijah heard the sound of her feet, as she came in at the door, that he said, Come in, thou wife of Jeroboam; why feignest thou thyself to be another? for I am sent to thee with heavy tidings.	And it was so, when Ahijah heard the sound of her feet, as she came in at the door, that he said, Come in, thou wife of Jeroboam; why feignest thou thyself to be another? for I am sent to thee with heavy tidings.	And it was so, when Ahijah heard the sound of her feet, as she came in at the door, that he said, Come in, thou wife of Jeroboam; why feignest thou thyself to be another? for I am sent to thee with heavy tidings.	And it was so, when Ahijah heard the sound of her feet as she came in at the door, that he said, Come in, thou wife of Jeroboam; why feignest thou thyself to be another? for I am sent to thee with heavy tidings.	And it was so, when Ahijah heard the sound of her feet, as she came in at the door, that he said, Come in, thou wife of Jeroboam; why feignest thou thyself to be another? for I am sent to thee with heavy tidings.
1 Kings	16	34	plurality 2/4	In his days did Hiel the Beth-elite build Jericho: he laid the foundation thereof in Abiram his firstborn, and set up the gates thereof in his youngest son Segub, according to the word of the LORD, which he spake by Joshua the son of Nun.	In his days did Hiel the Beth-elite build Jericho: he laid the foundation thereof in Abiram his firstborn, and set up the gates thereof in his youngest son Segub, according to the word of the LORD, which he spake by Joshua the son of Nun.	In his days did Hiel the Beth-elite build Jericho: he laid the foundation thereof in Abiram his firstborn, and set up the gates thereof in his youngest son Segub, according to the word of the LORD, which he spake by Joshua the son of Nun.	In his days did Hiel the Bethelite build Jericho: he laid the foundation thereof in Abiram his firstborn, and set up the gates thereof in his youngest son Segub, according to the word of the LORD, which he spake by Joshua the son of Nun.	In his days did Hiel the Beth–elite build Jericho: he laid the foundation thereof in Abiram his firstborn, and set up the gates thereof in his youngest son Segub, according to the word of the Lord, which he spake by Joshua the son of Nun.
1 Kings	18	13	plurality 2/4	Was it not told my lord what I did when Jezebel slew the prophets of the LORD, how I hid an hundred men of the LORD'S prophets by fifty in a cave, and fed them with bread and water?	Was it not told my lord what I did when Jezebel slew the prophets of the LORD, how I hid an hundred men of the LORD'S prophets by fifty in a cave, and fed them with bread and water?	Was it not told my lord what I did when Jezebel slew the prophets of the LORD, how I hid an hundred men of the LORD's prophets by fifty in a cave, and fed them with bread and water?	Was it not told my lord what I did when Jezebel slew the prophets of the LORD, how I hid an hundred men of the LORD'S prophets by fifty in a cave, and fed them with bread and water?	Was it not told my lord what I did when Jezebel slew the prophets of the Lord, how I hid an hundred men of the Lord's prophets by fifty in a cave, and fed them with bread and water?
1 Kings	19	16	plurality 2/4	And Jehu the son of Nimshi shalt thou anoint to be king over Israel: and Elisha the son of Shaphat of Abel-meholah shalt thou anoint to be prophet in thy room.	And Jehu the son of Nimshi shalt thou anoint to be king over Israel: and Elisha the son of Shaphat of Abelmeholah shalt thou anoint to be prophet in thy room.	And Jehu the son of Nimshi shalt thou anoint to be king over Israel: and Elisha the son of Shaphat of Abel-meholah shalt thou anoint to be prophet in thy room.	And Jehu the son of Nimshi shalt thou anoint to be king over Israel: and Elisha the son of Shaphat of Abel-meholah shalt thou anoint to be prophet in thy room.	And Jehu the son of Nimshi shalt thou anoint to be king over Israel: and Elisha the son of Shaphat of Abel–meholah shalt thou anoint to be prophet in thy room.
1 Kings	22	3	plurality 3/4	And the king of Israel said unto his servants, Know ye that Ramoth in Gilead is ours, and we be still, and take it not out of the hand of the king of Syria?	And the king of Israel said unto his servants, Know ye that Ramoth in Gilead is our's, and we be still, and take it not out of the hand of the king of Syria?	And the king of Israel said unto his servants, Know ye that Ramoth in Gilead is ours, and we be still, and take it not out of the hand of the king of Syria?	And the king of Israel said unto his servants, Know ye that Ramoth in Gilead is ours, and we be still, and take it not out of the hand of the king of Syria?	And the king of Israel said unto his servants, Know ye that Ramoth in Gilead is ours, and we be still, and take it not out of the hand of the king of Syria?
2 Kings	2	2	plurality 2/4	And Elijah said unto Elisha, Tarry here, I pray thee; for the LORD hath sent me to Beth-el. And Elisha said unto him, As the LORD liveth, and as thy soul liveth, I will not leave thee. So they went down to Beth-el.	And Elijah said unto Elisha, Tarry here, I pray thee; for the LORD hath sent me to Beth-el. And Elisha said unto him, As the LORD liveth, and as thy soul liveth, I will not leave thee. So they went down to Beth-el.	And Elijah said unto Elisha, Tarry here, I pray thee; for the LORD hath sent me to Beth-el. And Elisha said unto him, As the LORD liveth, and as thy soul liveth, I will not leave thee. So they went down to Beth-el.	And Elijah said unto Elisha, Tarry here, I pray thee; for the LORD hath sent me to Bethel. And Elisha said unto him, As the LORD liveth, and as thy soul liveth, I will not leave thee. So they went down to Bethel.	And Elijah said unto Elisha, Tarry here, I pray thee; for the Lord hath sent me to Beth–el. And Elisha said unto him, As the Lord liveth, and as thy soul liveth, I will not leave thee. So they went down to Beth–el.
2 Kings	2	3	plurality 2/4	And the sons of the prophets that were at Beth-el came forth to Elisha, and said unto him, Knowest thou that the LORD will take away thy master from thy head to day? And he said, Yea, I know it; hold ye your peace.	And the sons of the prophets that were at Beth-el came forth to Elisha, and said unto him, Knowest thou that the LORD will take away thy master from thy head to day? And he said, Yea, I know it; hold ye your peace.	And the sons of the prophets that were at Beth-el came forth to Elisha, and said unto him, Knowest thou that the LORD will take away thy master from thy head to day? And he said, Yea, I know it; hold ye your peace.	And the sons of the prophets that were at Bethel came forth to Elisha, and said unto him, Knowest thou that the LORD will take away thy master from thy head to day? And he said, Yea, I know it; hold ye your peace.	And the sons of the prophets that were at Beth–el came forth to Elisha, and said unto him, Knowest thou that the Lord will take away thy master from thy head to day? And he said, Yea, I know it; hold ye your peace.
2 Kings	2	20	plurality 3/4	And he said, Bring me a new cruse, and put salt therein. And they brought it to him.	And he said, Bring me a new cruse, and put salt therein. And they brought it to him.	And he said, Bring me a new cruse, and put salt therein. And they brought it to him.	And he said, Bring me a new cruse, and put salt therein. And they bring it to him.	And he said, Bring me a new cruse, and put salt therein. And they brought it to him.
2 Kings	2	23	plurality 2/4	And he went up from thence unto Beth-el: and as he was going up by the way, there came forth little children out of the city, and mocked him, and said unto him, Go up, thou bald head; go up, thou bald head.	And he went up from thence unto Beth-el: and as he was going up by the way, there came forth little children out of the city, and mocked him, and said unto him, Go up, thou bald head; go up, thou bald head.	And he went up from thence unto Beth-el: and as he was going up by the way, there came forth little children out of the city, and mocked him, and said unto him, Go up, thou bald head; go up, thou bald head.	And he went up from thence unto Bethel: and as he was going up by the way, there came forth little children out of the city, and mocked him, and said unto him, Go up, thou bald head; go up, thou bald head.	And he went up from thence unto Beth–el: and as he was going up by the way, there came forth little children out of the city, and mocked him, and said unto him, Go up, thou bald head; go up, thou bald head.
2 Kings	5	10	plurality 3/4	And Elisha sent a messenger unto him, saying, Go and wash in Jordan seven times, and thy flesh shall come again to thee, and thou shalt be clean.	And Elisha sent a messenger unto him, saying, Go and wash in Jordan seven times, and thy flesh shall come again to thee, and thou shalt be clean.	And Elisha sent a messenger unto him, saying, Go and wash in Jordan seven times, and thy flesh shall come again to thee, and thou shalt be clean.	And Elisha sent a messenger unto him, saying, Go and wash in the Jordan seven times, and thy flesh shall come again to thee, and thou shalt be clean.	And Elisha sent a messenger unto him, saying, Go and wash in Jordan seven times, and thy flesh shall come again to thee, and thou shalt be clean.
2 Kings	5	15	plurality 3/4	And he returned to the man of God, he and all his company, and came, and stood before him: and he said, Behold, now I know that there is no God in all the earth, but in Israel: now therefore, I pray thee, take a blessing of thy servant.	And he returned to the man of God, he and all his company, and came, and stood before him: and he said, Behold, now I know that there is no God in all the earth, but in Israel: now therefore, I pray thee, take a blessing of thy servant.	And he returned to the man of God, he and all his company, and came, and stood before him: and he said, Behold, now I know that there is no God in all the earth, but in Israel: now therefore, I pray thee, take a blessing of thy servant.	And he returned to the man of God, he and all his company, and came, and stood before him: and he said, Behold, now I know that there is no God in all earth, but in Israel: now therefore, I pray thee, take a blessing of thy servant.	And he returned to the man of God, he and all his company, and came, and stood before him: and he said, Behold, now I know that there is no God in all the earth, but in Israel: now therefore, I pray thee, take a blessing of thy servant.
2 Kings	6	27	plurality 2/4	And he said, If the LORD do not help thee, whence shall I help thee? out of the barnfloor, or out of the winepress?	And he said, If the LORD do not help thee, whence shall I help thee? out of the barnfloor, or out of the winepress?	And he said, If the LORD do not help thee, whence shall I help thee? out of the barnfloor, or out of the winepress? save thee	And he said, If the LORD do not help thee, whence shall I help thee? out of the barnfloor, or out of the winepress?	And he said, If the Lord do not help thee, whence shall I help thee? out of the barnfloor, or out of the winepress?
2 Kings	10	29	plurality 2/4	Howbeit from the sins of Jeroboam the son of Nebat, who made Israel to sin, Jehu departed not from after them, to wit, the golden calves that were in Beth-el, and that were in Dan.	Howbeit from the sins of Jeroboam the son of Nebat, who made Israel to sin, Jehu departed not from after them, to wit, the golden calves that were in Beth-el, and that were in Dan.	Howbeit from the sins of Jeroboam the son of Nebat, who made Israel to sin, Jehu departed not from after them, to wit, the golden calves that were in Beth-el, and that were in Dan.	Howbeit from the sins of Jeroboam the son of Nebat, who made Israel to sin, Jehu departed not from after them, to wit, the golden calves that were in Bethel, and that were in Dan.	Howbeit from the sins of Jeroboam the son of Nebat, who made Israel to sin, Jehu departed not from after them, to wit, the golden calves that were in Beth–el, and that were in Dan.
2 Kings	11	2	plurality 3/4	But Jehosheba, the daughter of king Joram, sister of Ahaziah, took Joash the son of Ahaziah, and stole him from among the king's sons which were slain; and they hid him, even him and his nurse, in the bedchamber from Athaliah, so that he was not slain.	But Jehosheba, the daughter of king Joram, sister of Ahaziah, took Joash the son of Ahaziah, and stole him from among the king's sons which were slain; and they hid him, even him and his nurse, in the bedchamber from Athaliah, so that he was not slain.	But Jehosheba, the daughter of king Joram, sister of Ahaziah, took Joash the son of Ahaziah, and stole him from among the king's sons which were slain; and they hid him, even him and his nurse, in the bedchamber from Athaliah, so that he was not slain.	But Jehosheba, the daughter of king Joram, sister of Ahaziah, took Joash the son of Ahaziah and stole him from among the king's sons which were slain; and they hid him, even him and his nurse, in the bedchamber from Athaliah, so that he was not slain.	But Jehosheba, the daughter of king Joram, sister of Ahaziah, took Joash the son of Ahaziah, and stole him from among the king's sons which were slain; and they hid him, even him and his nurse, in the bedchamber from Athaliah, so that he was not slain.
2 Kings	11	17	plurality 1/4	And Jehoiada made a covenant between the LORD and the king and the people, that they should be the LORD'S people; between the king also and the people.	And Jehoiada made a covenant between the LORD and the king and the people, that they should be the LORD'S people; between the king also and the people.	And Jehoiada made a covenant between the LORD and the king and the people, that they should be the LORD's people; between the king also and the people.	And Jehoiada made a covenant between the LORD and the king and the people that they should be the LORD'S people; between the king also and the people.	And Jehoiada made a covenant between the Lord and the king and the people, that they should be the Lord's people; between the king also and the people.
2 Kings	13	17	plurality 2/4	And he said, Open the window eastward. And he opened it. Then Elisha said, Shoot. And he shot. And he said, The arrow of the LORD'S deliverance, and the arrow of deliverance from Syria: for thou shalt smite the Syrians in Aphek, till thou have consumed them.	And he said, Open the window eastward. And he opened it. Then Elisha said, Shoot. And he shot. And he said, The arrow of the LORD'S deliverance, and the arrow of deliverance from Syria: for thou shalt smite the Syrians in Aphek, till thou have consumed them.	And he said, Open the window eastward. And he opened it. Then Elisha said, Shoot. And he shot. And he said, The arrow of the LORD's deliverance, and the arrow of deliverance from Syria: for thou shalt smite the Syrians in Aphek, till thou have consumed them.	And he said, Open the window eastward. And he opened it. Then Elisha said, Shoot. And he shot. And he said, The arrow of the LORD'S deliverance, and the arrow of deliverance from Syria: for thou shalt smite the Syrians in Aphek, till thou have consumed them.	And he said, Open the window eastward. And he opened it. Then Elisha said, Shoot. And he shot. And he said, The arrow of the Lord's deliverance, and the arrow of deliverance from Syria: for thou shalt smite the Syrians in Aphek, till thou have consumed them.
2 Kings	16	13	plurality 3/4	And he burnt his burnt offering and his meat offering, and poured his drink offering, and sprinkled the blood of his peace offerings, upon the altar.	And he burnt his burnt offering and his meat offering, and poured his drink offering, and sprinkled the blood of his peace offerings, upon the altar.	And he burnt his burnt offering and his meat offering, and poured his drink offering, and sprinkled the blood of his peace offerings, upon the altar.	and he burnt his burnt offering and his meat offering, and poured his drink offering, and sprinkled the blood of his peace offerings, upon the altar.	And he burnt his burnt offering and his meat offering, and poured his drink offering, and sprinkled the blood of his peace offerings, upon the altar.
2 Kings	17	28	plurality 2/4	Then one of the priests whom they had carried away from Samaria came and dwelt in Beth-el, and taught them how they should fear the LORD.	Then one of the priests whom they had carried away from Samaria came and dwelt in Beth-el, and taught them how they should fear the LORD.	Then one of the priests whom they had carried away from Samaria came and dwelt in Beth-el, and taught them how they should fear the LORD.	Then one of the priests whom they had carried away from Samaria came and dwelt in Bethel, and taught them how they should fear the LORD.	Then one of the priests whom they had carried away from Samaria came and dwelt in Beth–el, and taught them how they should fear the Lord.
2 Kings	17	35	plurality 2/4	With whom the LORD had made a covenant, and charged them, saying, Ye shall not fear other gods, nor bow yourselves to them, nor serve them, nor sacrifice to them:	With whom the LORD had made a covenant, and charged them, saying, Ye shall not fear other gods, nor bow yourselves to them, nor serve them, nor sacrifice to them:	With whom the LORD had made a covenant, and charged them, saying, Ye shall not fear other gods, nor bow yourselves to them, nor serve them, nor sacrifice to them:	With whom the LORD had made a covenant, and charged them saying, Ye shall not fear other gods, nor bow yourselves to them, nor serve them, nor sacrifice to them:	With whom the Lord had made a covenant, and charged them, saying, Ye shall not fear other gods, nor bow yourselves to them, nor serve them, nor sacrifice to them:
2 Kings	18	17	plurality 2/4	And the king of Assyria sent Tartan and Rabsaris and Rab-shakeh from Lachish to king Hezekiah with a great host against Jerusalem. And they went up and came to Jerusalem. And when they were come up, they came and stood by the conduit of the upper pool, which is in the highway of the fuller's field.	And the king of Assyria sent Tartan and Rabsaris and Rabshakeh from Lachish to king Hezekiah with a great host against Jerusalem. And they went up and came to Jerusalem. And when they were come up, they came and stood by the conduit of the upper pool, which is in the highway of the fuller's field.	And the king of Assyria sent Tartan and Rabsaris and Rab-shakeh from Lachish to king Hezekiah with a great host against Jerusalem. And they went up and came to Jerusalem. And when they were come up, they came and stood by the conduit of the upper pool, which is in the highway of the fuller's field.	And the king of Assyria sent Tartan and Rabsaris and Rab-shakeh from Lachish to king Hezekiah with a great host against Jerusalem. And they went up and came to Jerusalem. And when they were come up, they came and stood by the conduit of the upper pool, which is in the highway of the fuller's field.	And the king of Assyria sent Tartan and Rabsaris and Rab–shakeh from Lachish to king Hezekiah with a great host against Jerusalem. And they went up and came to Jerusalem. And when they were come up, they came and stood by the conduit of the upper pool, which is in the highway of the fuller's field.
2 Kings	18	19	plurality 2/4	And Rab-shakeh said unto them, Speak ye now to Hezekiah, Thus saith the great king, the king of Assyria, What confidence is this wherein thou trustest?	And Rabshakeh said unto them, Speak ye now to Hezekiah, Thus saith the great king, the king of Assyria, What confidence is this wherein thou trustest?	And Rab-shakeh said unto them, Speak ye now to Hezekiah, Thus saith the great king, the king of Assyria, What confidence is this wherein thou trustest?	And Rab-shakeh said unto them, Speak ye now to Hezekiah, Thus saith the great king, the king of Assyria, What confidence is this wherein thou trustest?	And Rab–shakeh said unto them, Speak ye now to Hezekiah, Thus saith the great king, the king of Assyria, What confidence is this wherein thou trustest?
2 Kings	18	26	plurality 2/4	Then said Eliakim the son of Hilkiah, and Shebna, and Joah, unto Rab-shakeh, Speak, I pray thee, to thy servants in the Syrian language; for we understand it: and talk not with us in the Jews' language in the ears of the people that are on the wall.	Then said Eliakim the son of Hilkiah, and Shebna, and Joah, unto Rabshakeh, Speak, I pray thee, to thy servants in the Syrian language; for we understand it: and talk not with us in the Jews' language in the ears of the people that are on the wall.	Then said Eliakim the son of Hilkiah, and Shebna, and Joah, unto Rab-shakeh, Speak, I pray thee, to thy servants in the Syrian language; for we understand it: and talk not with us in the Jews' language in the ears of the people that are on the wall.	Then said Eliakim the son of Hilkiah, and Shebna, and Joah, unto Rab-shakeh, Speak, I pray thee, to thy servants in the Syrian language; for we understand it: and talk not with us in the Jews' language in the ears of the people that are on the wall.	Then said Eliakim the son of Hilkiah, and Shebna, and Joah, unto Rab–shakeh, Speak, I pray thee, to thy servants in the Syrian language; for we understand it: and talk not with us in the Jews' language in the ears of the people that are on the wall.
2 Kings	18	27	plurality 1/4	But Rabshakeh said unto them, Hath my master sent me to thy master, and to thee, to speak these words? hath he not sent me to the men which sit on the wall, that they may eat their own dung, and drink their own piss with you?	But Rabshakeh said unto them, Hath my master sent me to thy master, and to thee, to speak these words? hath he not sent me to the men which sit on the wall, that they may eat their own dung, and drink their own piss with you?	But Rab-shakeh said unto them, Hath my master sent me to thy master, and to thee, to speak these words? hath he not sent me to the men which sit on the wall, that they may eat their own dung, and drink their own piss with you?	But Rab-shakeh said unto them, Hath my master sent me to thy master, and to thee, to speak these words? hath he not sent me to the men which sit on the wall, that they may eat their own dung, and drink their own piss with you.	But Rab–shakeh said unto them, Hath my master sent me to thy master, and to thee, to speak these words? hath he not sent me to the men which sit on the wall, that they may eat their own dung, and drink their own piss with you?
2 Kings	18	28	plurality 1/4	Then Rabshakeh stood and cried with a loud voice in the Jews' language, and spake, saying, Hear the word of the great king, the king of Assyria:	Then Rabshakeh stood and cried with a loud voice in the Jews' language, and spake, saying, Hear the word of the great king, the king of Assyria:	Then Rab-shakeh stood and cried with a loud voice in the Jews' language, and spake, saying, Hear the word of the great king, the king of Assyria:	Then Rab-shakeh stood and cried with a loud voice in the Jews language, and spake, saying, Hear the word of the great king, the king of Assyria:	Then Rab–shakeh stood and cried with a loud voice in the Jews' language, and spake, saying, Hear the word of the great king, the king of Assyria:
2 Kings	18	37	plurality 2/4	Then came Eliakim the son of Hilkiah, which was over the household, and Shebna the scribe, and Joah the son of Asaph the recorder, to Hezekiah with their clothes rent, and told him the words of Rab-shakeh.	Then came Eliakim the son of Hilkiah, which was over the household, and Shebna the scribe, and Joah the son of Asaph the recorder, to Hezekiah with their clothes rent, and told him the words of Rabshakeh.	Then came Eliakim the son of Hilkiah, which was over the household, and Shebna the scribe, and Joah the son of Asaph the recorder, to Hezekiah with their clothes rent, and told him the words of Rab-shakeh.	Then came Eliakim the son of Hilkiah, which was over the household, and Shebna the scribe, and Joah the son of Asaph the recorder, to Hezekiah with their clothes rent, and told him the words of Rab-shakeh.	Then came Eliakim the son of Hilkiah, which was over the household, and Shebna the scribe, and Joah the son of Asaph the recorder, to Hezekiah with their clothes rent, and told him the words of Rab–shakeh.
2 Kings	19	4	plurality 2/4	It may be the LORD thy God will hear all the words of Rab-shakeh, whom the king of Assyria his master hath sent to reproach the living God; and will reprove the words which the LORD thy God hath heard: wherefore lift up thy prayer for the remnant that are left.	It may be the LORD thy God will hear all the words of Rabshakeh, whom the king of Assyria his master hath sent to reproach the living God; and will reprove the words which the LORD thy God hath heard: wherefore lift up thy prayer for the remnant that are left.	It may be the LORD thy God will hear all the words of Rab-shakeh, whom the king of Assyria his master hath sent to reproach the living God; and will reprove the words which the LORD thy God hath heard: wherefore lift up thy prayer for the remnant that are left.	It may be the LORD thy God will hear all the words of Rab-shakeh, whom the king of Assyria his master hath sent to reproach the living God; and will reprove the words which the LORD thy God hath heard: wherefore lift up thy prayer for the remnant that are left.	It may be the Lord thy God will hear all the words of Rab–shakeh, whom the king of Assyria his master hath sent to reproach the living God; and will reprove the words which the Lord thy God hath heard: wherefore lift up thy prayer for the remnant that are left.
2 Kings	19	8	plurality 2/4	So Rab-shakeh returned, and found the king of Assyria warring against Libnah: for he had heard that he was departed from Lachish.	So Rabshakeh returned, and found the king of Assyria warring against Libnah: for he had heard that he was departed from Lachish.	So Rab-shakeh returned, and found the king of Assyria warring against Libnah: for he had heard that he was departed from Lachish.	So Rab-shakeh returned, and found the king of Assyria warring against Libnah: for he had heard that he was departed from Lachish.	So Rab–shakeh returned, and found the king of Assyria warring against Libnah: for he had heard that he was departed from Lachish.
2 Kings	19	15	plurality 2/4	And Hezekiah prayed before the LORD, and said, O LORD God of Israel, which dwellest between the cherubims, thou art the God, even thou alone, of all the kingdoms of the earth; thou hast made heaven and earth.	And Hezekiah prayed before the LORD, and said, O LORD God of Israel, which dwellest between the cherubims, thou art the God, even thou alone, of all the kingdoms of the earth; thou hast made heaven and earth.	And Hezekiah prayed before the LORD, and said, O LORD God of Israel, which dwellest between the cherubims, thou art the God, even thou alone, of all the kingdoms of the earth; thou hast made heaven and earth.	And Hezekiah prayed before the LORD, and said, O LORD God of Israel, which dwellest between the cherubims, thou art the God, even thou alone, of all the kingdoms of the earth: thou hast made heaven and earth.	And Hezekiah prayed before the Lord, and said, O Lord God of Israel, which dwellest between the cherubims, thou art the God, even thou alone, of all the kingdoms of the earth; thou hast made heaven and earth.
2 Kings	19	23	plurality 3/4	By thy messengers thou hast reproached the Lord, and hast said, With the multitude of my chariots I am come up to the height of the mountains, to the sides of Lebanon, and will cut down the tall cedar trees thereof, and the choice fir trees thereof: and I will enter into the lodgings of his borders, and into the forest of his Carmel.	By thy messengers thou hast reproached the Lord, and hast said, With the multitude of my chariots I am come up to the height of the mountains, to the sides of Lebanon, and will cut down the tall cedar trees thereof, and the choice fir trees thereof: and I will enter into the lodgings of his borders, and into the forest of his Carmel.	By thy messengers thou hast reproached the Lord, and hast said, With the multitude of my chariots I am come up to the height of the mountains, to the sides of Lebanon, and will cut down the tall cedar trees thereof, and the choice fir trees thereof: and I will enter into the lodgings of his borders, and into the forest of his Carmel.	By the messengers thou hast reproached the Lord, and hast said, With the multitude of my chariots I am come up to the height of the mountains, to the sides of Lebanon, and will cut down the tall cedar trees thereof, and the choice fir trees thereof: and I will enter into the lodgings of his borders, and into the forest of his Carmel.	By thy messengers thou hast reproached the Lord, and hast said, With the multitude of my chariots I am come up to the height of the mountains, to the sides of Lebanon, and will cut down the tall cedar trees thereof, and the choice fir trees thereof: and I will enter into the lodgings of his borders, and into the forest of his Carmel.
2 Kings	19	26	plurality 3/4	Therefore their inhabitants were of small power, they were dismayed and confounded; they were as the grass of the field, and as the green herb, as the grass on the housetops, and as corn blasted before it be grown up.	Therefore their inhabitants were of small power, they were dismayed and confounded; they were as the grass of the field, and as the green herb, as the grass on the housetops, and as corn blasted before it be grown up.	Therefore their inhabitants were of small power, they were dismayed and confounded; they were as the grass of the field, and as the green herb, as the grass on the housetops, and as corn blasted before it be grown up.	Therefore their inhabitants were of small power, they were dismayed and confounded; they were as the grass of the field, and as the green herb, as the grass on the house tops, and as corn blasted before it be grown up.	Therefore their inhabitants were of small power, they were dismayed and confounded; they were as the grass of the field, and as the green herb, as the grass on the housetops, and as corn blasted before it be grown up.
2 Kings	23	4	plurality 2/4	And the king commanded Hilkiah the high priest, and the priests of the second order, and the keepers of the door, to bring forth out of the temple of the LORD all the vessels that were made for Baal, and for the grove, and for all the host of heaven: and he burned them without Jerusalem in the fields of Kidron, and carried the ashes of them unto Beth-el.	And the king commanded Hilkiah the high priest, and the priests of the second order, and the keepers of the door, to bring forth out of the temple of the LORD all the vessels that were made for Baal, and for the grove, and for all the host of heaven: and he burned them without Jerusalem in the fields of Kidron, and carried the ashes of them unto Beth-el.	And the king commanded Hilkiah the high priest, and the priests of the second order, and the keepers of the door, to bring forth out of the temple of the LORD all the vessels that were made for Baal, and for the grove, and for all the host of heaven: and he burned them without Jerusalem in the fields of Kidron, and carried the ashes of them unto Beth-el.	And the king commanded Hilkiah the high priest, and the priests of the second order, and the keepers of the door, to bring forth out of the temple of the LORD all the vessels that were made for Baal, and for the grove, and for all the host of heaven: and he burned them without Jerusalem in the fields of Kidron, and carried the ashes of them unto Bethel.	And the king commanded Hilkiah the high priest, and the priests of the second order, and the keepers of the door, to bring forth out of the temple of the Lord all the vessels that were made for Baal, and for the grove, and for all the host of heaven: and he burned them without Jerusalem in the fields of Kidron, and carried the ashes of them unto Beth–el.
2 Kings	23	15	plurality 2/4	Moreover the altar that was at Beth-el, and the high place which Jeroboam the son of Nebat, who made Israel to sin, had made, both that altar and the high place he brake down, and burned the high place, and stamped it small to powder, and burned the grove.	Moreover the altar that was at Beth-el, and the high place which Jeroboam the son of Nebat, who made Israel to sin, had made, both that altar and the high place he brake down, and burned the high place, and stamped it small to powder, and burned the grove.	Moreover the altar that was at Beth-el, and the high place which Jeroboam the son of Nebat, who made Israel to sin, had made, both that altar and the high place he brake down, and burned the high place, and stamped it small to powder, and burned the grove.	Moreover the altar that was at Bethel, and the high place which Jeroboam the son of Nebat, who made Israel to sin, had made, both that altar and the high place he brake down, and burned the high place, and stamped it small to powder, and burned the grove.	Moreover the altar that was at Beth–el, and the high place which Jeroboam the son of Nebat, who made Israel to sin, had made, both that altar and the high place he brake down, and burned the high place, and stamped it small to powder, and burned the grove.
2 Kings	23	17	plurality 2/4	Then he said, What title is that that I see? And the men of the city told him, It is the sepulchre of the man of God, which came from Judah, and proclaimed these things that thou hast done against the altar of Beth-el.	Then he said, What title is that that I see? And the men of the city told him, It is the sepulchre of the man of God, which came from Judah, and proclaimed these things that thou hast done against the altar of Beth-el.	Then he said, What title is that that I see? And the men of the city told him, It is the sepulchre of the man of God, which came from Judah, and proclaimed these things that thou hast done against the altar of Beth-el.	Then he said, What title is that that I see? And the men of the city told him, It is the sepulchre of the man of God, which came from Judah, and proclaimed these things that thou hast done against the altar of Bethel.	Then he said, What title is that that I see? And the men of the city told him, It is the sepulchre of the man of God, which came from Judah, and proclaimed these things that thou hast done against the altar of Beth–el.
2 Kings	23	19	plurality 1/4	And all the houses also of the high places that were in the cities of Samaria, which the kings of Israel had made to provoke the LORD to anger, Josiah took away, and did to them according to all the acts that he had done in Beth-el.	And all the houses also of the high places that were in the cities of Samaria, which the kings of Israel had made to provoke the LORD to anger, Josiah took away, and did to them according to all the acts that he had done in Beth-el.	And all the houses also of the high places that were in the cities of Samaria, which the kings of Israel had made to provoke the Lord to anger, Josiah took away, and did to them according to all the acts that he had done in Beth-el.	And all the houses also of the high places that were in the cities of Samaria, which the kings of Israel had made to provoke the LORD to anger, Josiah took away, and did to them according to all the acts that he had done in Bethel.	And all the houses also of the high places that were in the cities of Samaria, which the kings of Israel had made to provoke the Lord to anger, Josiah took away, and did to them according to all the acts that he had done in Beth–el.
1 Chronicles	1	11	plurality 3/4	And Mizraim begat Ludim, and Anamim, and Lehabim, and Naphtuhim,	And Mizraim begat Ludim, and Anamim, and Lehabim, and Naphtuhim,	And Mizraim begat Ludim, and Anamim, and Lehabim, and Naphtuhim,	And Mizraim begat Ludim, and Anamim, and Lehabim, and Napthtuhim,	And Mizraim begat Ludim, and Anamim, and Lehabim, and Naphtuhim,
1 Chronicles	1	30	plurality 3/4	Mishma, and Dumah, Massa, Hadad, and Tema,	Mishma, and Dumah, Massa, Hadad, and Tema,	Mishma, and Dumah, Massa, Hadad, and Tema,	Mishma and Dumah, Massa, Hadad, and Tema,	Mishma, and Dumah, Massa, Hadad, and Tema,
1 Chronicles	1	38	plurality 3/4	And the sons of Seir; Lotan, and Shobal, and Zibeon, and Anah, and Dishon, and Ezer, and Dishan.	And the sons of Seir; Lotan, and Shobal, and Zibeon, and Anah, and Dishon, and Ezer, and Dishan.	And the sons of Seir; Lotan, and Shobal, and Zibeon, and Anah, and Dishon, and Ezer, and Dishan.	And the sons of Seir; Lotan, and Shobal, and Zibeon, and Anah, and Dishon, and Ezar, and Dishan.	And the sons of Seir; Lotan, and Shobal, and Zibeon, and Anah, and Dishon, and Ezer, and Dishan.
1 Chronicles	2	32	plurality 3/4	And the sons of Jada the brother of Shammai; Jether, and Jonathan: and Jether died without children.	And the sons of Jada the brother of Shammai; Jether, and Jonathan: and Jether died without children.	And the sons of Jada the brother of Shammai; Jether, and Jonathan: and Jether died without children.	And the sons of Jada the brother of Shammai; Jether and Jonathan: and Jether died without children.	And the sons of Jada the brother of Shammai; Jether, and Jonathan: and Jether died without children.
1 Chronicles	2	47	plurality 2/4	And the sons of Jahdai; Regem, and Jotham, and Gesham, and Pelet, and Ephah, and Shaaph.	And the sons of Jahdai; Regem, and Jotham, and Gesham, and Pelet, and Ephah, and Shaaph.	And the sons of Jahdai; Regem, and Jotham, and Geshan, and Pelet, and Ephah, and Shaaph.	And the sons of Jahdai; Regem, and Jotham, and Gesham, and Pelet, and Ephah, and Shaaph.	And the sons of Jahdai; Regem, and Jotham, and Geshan, and Pelet, and Ephah, and Shaaph.
1 Chronicles	2	49	plurality 2/4	She bare also Shaaph the father of Madmannah, Sheva the father of Machbenah, and the father of Gibea: and the daughter of Caleb was Achsa.	She bare also Shaaph the father of Madmannah, Sheva the father of Machbenah, and the father of Gibea: and the daughter of Caleb was Achsa.	She bare also Shaaph the father of Madmannah, Sheva the father of Machbenah, and the father of Gibea: and the daughter of Caleb was Achsah.	She bare also Shaaph the father of Madmannah, Sheva the father of Machbenah, and the father of Gibea: and the daughter of Caleb was Achsa.	She bare also Shaaph the father of Madmannah, Sheva the father of Machbenah, and the father of Gibea: and the daughter of Caleb was Achsah.
1 Chronicles	2	51	plurality 2/4	Salma the father of Beth-lehem, Hareph the father of Beth-gader.	Salma the father of Beth-lehem, Hareph the father of Beth-gader.	Salma the father of Beth-lehem, Hareph the father of Beth-gader.	Salma the father of Bethlehem, Hareph the father of Beth-gader.	Salma the father of Beth–lehem, Hareph the father of Beth–gader.
1 Chronicles	2	54	plurality 2/4	The sons of Salma; Beth-lehem, and the Netophathites, Ataroth, the house of Joab, and half of the Manahethites, the Zorites.	The sons of Salma; Beth-lehem, and the Netophathites, Ataroth, the house of Joab, and half of the Manahethites, the Zorites.	The sons of Salma; Beth-lehem, and the Netophathites, Ataroth, the house of Joab, and half of the Manahethites, the Zorites.	The sons of Salma; Bethlehem, and the Netophathites, Ataroth, the house of Joab, and half of the Manahethites, the Zorites.	The sons of Salma; Beth–lehem, and the Netophathites, Ataroth, the house of Joab, and half of the Manahethites, the Zorites.
1 Chronicles	3	22	plurality 3/4	And the sons of Shechaniah; Shemaiah: and the sons of Shemaiah; Hattush, and Igeal, and Bariah, and Neariah, and Shaphat, six.	And the sons of Shechaniah; Shemaiah: and the sons of Shemaiah; Hattush, and Igeal, and Bariah, and Neariah, and Shaphat, six.	And the sons of Shechaniah; Shemaiah: and the sons of Shemaiah; Hattush, and Igeal, and Bariah, and Neariah, and Shaphat, six.	And the sons of Shechaniah; Shemaiah; and the sons of Shemaiah; Hattush, and Igeal, and Bariah, and Neariah, and Shaphat, six.	And the sons of Shechaniah; Shemaiah: and the sons of Shemaiah; Hattush, and Igeal, and Bariah, and Neariah, and Shaphat, six.
1 Chronicles	4	2	plurality 3/4	And Reaiah the son of Shobal begat Jahath; and Jahath begat Ahumai, and Lahad. These are the families of the Zorathites.	And Reaiah the son of Shobal begat Jahath; and Jahath begat Ahumai, and Lahad. These are the families of the Zorathites.	And Reaiah the son of Shobal begat Jahath; and Jahath begat Ahumai, and Lahad. These are the families of the Zorathites.	And Reaiah the son of Shobal begat Jahath; and Jahath begat Ahumai and Lahad. These are the families of the Zorathites.	And Reaiah the son of Shobal begat Jahath; and Jahath begat Ahumai, and Lahad. These are the families of the Zorathites.
1 Chronicles	4	4	plurality 2/4	And Penuel the father of Gedor, and Ezer the father of Hushah. These are the sons of Hur, the firstborn of Ephratah, the father of Beth-lehem.	And Penuel the father of Gedor, and Ezer the father of Hushah. These are the sons of Hur, the firstborn of Ephratah, the father of Beth-lehem.	And Penuel the father of Gedor, and Ezer the father of Hushah. These are the sons of Hur, the firstborn of Ephratah, the father of Beth-lehem.	And Penuel the father of Gedor and Ezer the father of Hushah. These are the sons of Hur, the firstborn of Ephratah, the father of Bethlehem.	And Penuel the father of Gedor, and Ezer the father of Hushah. These are the sons of Hur, the firstborn of Ephratah, the father of Beth–lehem.
1 Chronicles	6	54	plurality 3/4	Now these are their dwelling places throughout their castles in their coasts, of the sons of Aaron, of the families of the Kohathites: for theirs was the lot.	Now these are their dwelling places throughout their castles in their coasts, of the sons of Aaron, of the families of the Kohathites: for their's was the lot.	Now these are their dwelling places throughout their castles in their coasts, of the sons of Aaron, of the families of the Kohathites: for theirs was the lot.	Now these are their dwelling places throughout their castles in their coasts, of the sons of Aaron, of the families of the Kohathites: for theirs was the lot.	Now these are their dwelling places throughout their castles in their coasts, of the sons of Aaron, of the families of the Kohathites: for theirs was the lot.
1 Chronicles	6	77	plurality 3/4	Unto the rest of the children of Merari were given out of the tribe of Zebulun, Rimmon with her suburbs, Tabor with her suburbs:	Unto the rest of the children of Merari were given out of the tribe of Zebulun, Rimmon with her suburbs, Tabor with her suburbs:	Unto the rest of the children of Merari were given out of the tribe of Zebulun, Rimmon with her suburbs, Tabor with her suburbs:	Unto the rest of the children of Merari were given out of the tribe of Zebulun. Rimmon with her suburbs, Tabor with her suburbs:	Unto the rest of the children of Merari were given out of the tribe of Zebulun, Rimmon with her suburbs, Tabor with her suburbs:
1 Chronicles	7	1	plurality 3/4	Now the sons of Issachar were, Tola, and Puah, Jashub, and Shimron, four.	Now the sons of Issachar were, Tola, and Puah, Jashub, and Shimron, four.	Now the sons of Issachar were, Tola, and Puah, Jashub, and Shimron, four.	Now the sons of Issachar were, Tola, and Puah, Jashub, and Shimrom, four.	Now the sons of Issachar were, Tola, and Puah, Jashub, and Shimron, four.
1 Chronicles	7	9	plurality 3/4	And the number of them, after their genealogy by their generations, heads of the house of their fathers, mighty men of valour, was twenty thousand and two hundred.	And the number of them, after their genealogy by their generations, heads of the house of their fathers, mighty men of valour, was twenty thousand and two hundred.	And the number of them, after their genealogy by their generations, heads of the house of their fathers, mighty men of valour, was twenty thousand and two hundred.	And the number of them, after their genealogy by their generations, heads of the house of the fathers, mighty men of valour, was twenty thousand and two hundred.	And the number of them, after their genealogy by their generations, heads of the house of their fathers, mighty men of valour, was twenty thousand and two hundred.
1 Chronicles	7	14	plurality 3/4	The sons of Manasseh; Ashriel, whom she bare: (but his concubine the Aramitess bare Machir the father of Gilead:	The sons of Manasseh; Ashriel, whom she bare: (but his concubine the Aramitess bare Machir the father of Gilead:	The sons of Manasseh; Ashriel, whom she bare: ( but his concubine the Aramitess bare Machir the father of Gilead:	The sons of Manasseh; Ashriel, whom she bare: (but his concubine the Aramitess bare Machir the father of Gilead:	The sons of Manasseh; Ashriel, whom she bare: (but his concubine the Aramitess bare Machir the father of Gilead:
1 Chronicles	7	19	plurality 2/4	And the sons of Shemidah were, Ahian, and Shechem, and Likhi, and Aniam.	And the sons of Shemidah were, Ahian, and Shechem, and Likhi, and Aniam.	And the sons of Shemida were, Ahian, and Shechem, and Likhi, and Aniam.	And the sons of Shemidah were, Ahian, and Shechem, and Likhi, and Aniam.	And the sons of Shemida were, Ahian, and Shechem, and Likhi, and Aniam.
1 Chronicles	7	27	plurality 3/4	Non his son, Jehoshua his son.	Non his son, Jehoshua his son.	Non his son, Jehoshua his son.	Non his son, Jehoshuah his son.	Non his son, Jehoshua his son.
1 Chronicles	7	28	plurality 2/4	And their possessions and habitations were, Beth-el and the towns thereof, and eastward Naaran, and westward Gezer, with the towns thereof; Shechem also and the towns thereof, unto Gaza and the towns thereof:	And their possessions and habitations were, Beth-el and the towns thereof, and eastward Naaran, and westward Gezer, with the towns thereof; Shechem also and the towns thereof, unto Gaza and the towns thereof:	And their possessions and habitations were, Beth-el and the towns thereof, and eastward Naaran, and westward Gezer, with the towns thereof; Shechem also and the towns thereof, unto Gaza and the towns thereof:	And their possessions and habitations were, Bethel and the towns thereof, and eastward Naaran, and westward Gezer, with the towns thereof; Shechem also and the towns thereof, unto Gaza and the towns thereof:	And their possessions and habitations were, Beth–el and the towns thereof, and eastward Naaran, and westward Gezer, with the towns thereof; Shechem also and the towns thereof, unto Gaza and the towns thereof:
1 Chronicles	7	37	plurality 3/4	Bezer, and Hod, and Shamma, and Shilshah, and Ithran, and Beera.	Bezer, and Hod, and Shamma, and Shilshah, and Ithran, and Beera.	Bezer, and Hod, and Shamma, and Shilshah, and Ithran, and Beera.	Bezer, and Hod, and Shamma and Shilshah, and Ithran, and Beera.	Bezer, and Hod, and Shamma, and Shilshah, and Ithran, and Beera.
1 Chronicles	9	8	plurality 3/4	And Ibneiah the son of Jeroham, and Elah the son of Uzzi, the son of Michri, and Meshullam the son of Shephathiah, the son of Reuel, the son of Ibnijah;	And Ibneiah the son of Jeroham, and Elah the son of Uzzi, the son of Michri, and Meshullam the son of Shephathiah, the son of Reuel, the son of Ibnijah;	And Ibneiah the son of Jeroham, and Elah the son of Uzzi, the son of Michri, and Meshullam the son of Shephathiah, the son of Reuel, the son of Ibnijah;	And Ibneiah the son of Jeroham, and Elah the son of Uzzi, the son of Michri, and Meshullam the son of Shephatiah, the son of Reuel, the son of Ibnijah;	And Ibneiah the son of Jeroham, and Elah the son of Uzzi, the son of Michri, and Meshullam the son of Shephathiah, the son of Reuel, the son of Ibnijah;
1 Chronicles	9	20	plurality 2/4	And Phinehas the son of Eleazar was the ruler over them in time past, and the LORD was with him.	And Phinehas the son of Eleazar was the ruler over them in time past, and the LORD was with him.	And Phinehas the son of Eleazar was the ruler over them in time past, and the LORD was with him.	And Phinehas the son of Eleazar was the ruler over them in time past, and the Lord was with him.	And Phinehas the son of Eleazar was the ruler over them in time past, and the Lord was with him.
1 Chronicles	9	23	plurality 2/4	So they and their children had the oversight of the gates of the house of the LORD, namely, the house of the tabernacle, by wards.	So they and their children had the oversight of the gates of the house of the LORD, namely, the house of the tabernacle, by wards.	So they and their children had the oversight of the gates of the house of the LORD, namely, the house of the tabernacle, by wards.	So they and their children had the oversight of the gates of the house of the Lord, namely, the house of the tabernacle, by wards.	So they and their children had the oversight of the gates of the house of the Lord, namely, the house of the tabernacle, by wards.
1 Chronicles	11	2	plurality 2/4	And moreover in time past, even when Saul was king, thou wast he that leddest out and broughtest in Israel: and the LORD thy God said unto thee, Thou shalt feed my people Israel, and thou shalt be ruler over my people Israel.	And moreover in time past, even when Saul was king, thou wast he that leddest out and broughtest in Israel: and the LORD thy God said unto thee, Thou shalt feed my people Israel, and thou shalt be ruler over my people Israel.	And moreover in time past, even when Saul was king, thou wast he that leddest out and broughtest in Israel: and the LORD thy God said unto thee, Thou shalt feed my people Israel, and thou shalt be ruler over my people Israel.	And moreover in time past, even when Saul was king, thou wast he that leddest out and broughtest in Israel: and the LORD thy God said unto thee, Thou shalt feed my people Israel, and thou shalt be ruler over my people Israel, and thou shalt be ruler over my people Israel.	And moreover in time past, even when Saul was king, thou wast he that leddest out and broughtest in Israel: and the Lord thy God said unto thee, Thou shalt feed my people Israel, and thou shalt be ruler over my people Israel.
1 Chronicles	11	16	plurality 2/4	And David was then in the hold, and the Philistines' garrison was then at Beth-lehem.	And David was then in the hold, and the Philistines' garrison was then at Beth-lehem.	And David was then in the hold, and the Philistines' garrison was then at Beth-lehem.	And David was then in the hold, and the Philistines' garrison was then at Bethlehem.	And David was then in the hold, and the Philistines' garrison was then at Beth–lehem.
1 Chronicles	11	17	plurality 2/4	And David longed, and said, Oh that one would give me drink of the water of the well of Beth-lehem, that is at the gate!	And David longed, and said, Oh that one would give me drink of the water of the well of Beth-lehem, that is at the gate!	And David longed, and said, Oh that one would give me drink of the water of the well of Beth-lehem, that is at the gate!	And David longed, and said, Oh that one would give me drink of the water of the well of Bethlehem, that is at the gate!	And David longed, and said, Oh that one would give me drink of the water of the well of Beth–lehem, that is at the gate!
1 Chronicles	11	18	plurality 2/4	And the three brake through the host of the Philistines, and drew water out of the well of Beth-lehem, that was by the gate, and took it, and brought it to David: but David would not drink of it, but poured it out to the LORD,	And the three brake through the host of the Philistines, and drew water out of the well of Beth-lehem, that was by the gate, and took it, and brought it to David: but David would not drink of it, but poured it out to the LORD,	And the three brake through the host of the Philistines, and drew water out of the well of Beth-lehem, that was by the gate, and took it, and brought it to David: but David would not drink of it, but poured it out to the LORD,	And the three brake through the host of the Philistines, and drew water out of the well of Bethlehem, that was by the gate, and took it, and brought it to David: but David would not drink of it, but poured it out to the LORD,	And the three brake through the host of the Philistines, and drew water out of the well of Beth–lehem, that was by the gate, and took it, and brought it to David: but David would not drink of it, but poured it out to the Lord,
1 Chronicles	11	26	plurality 2/4	Also the valiant men of the armies were, Asahel the brother of Joab, Elhanan the son of Dodo of Beth-lehem,	Also the valiant men of the armies were, Asahel the brother of Joab, Elhanan the son of Dodo of Beth-lehem,	Also the valiant men of the armies were, Asahel the brother of Joab, Elhanan the son of Dodo of Beth-lehem,	Also the valiant men of the armies were, Asahel the brother of Joab, Elhanan the son of Dodo of Bethlehem,	Also the valiant men of the armies were, Asahel the brother of Joab, Elhanan the son of Dodo of Beth–lehem,
1 Chronicles	11	28	plurality 2/4	Ira the son of Ikkesh the Tekoite, Abi-ezer the Antothite,	Ira the son of Ikkesh the Tekoite, Abiezer the Antothite,	Ira the son of Ikkesh the Tekoite, Abi-ezer the Antothite,	Ira the son of Ikkesh the Tekoite, Abi-ezer the Antothite,	Ira the son of Ikkesh the Tekoite, Abi–ezer the Antothite,
1 Chronicles	18	15	plurality 3/4	And Joab the son of Zeruiah was over the host; and Jehoshaphat the son of Ahilud, recorder.	And Joab the son of Zeruiah was over the host; and Jehoshaphat the son of Ahilud, recorder.	And Joab the son of Zeruiah was over the host; and Jehoshaphat the son of Ahilud, recorder.	And Joab the son Zeruiah was over the host; and Jehoshaphat the son of Ahilud, recorder.	And Joab the son of Zeruiah was over the host; and Jehoshaphat the son of Ahilud, recorder.
1 Chronicles	21	7	plurality 3/4	And God was displeased with this thing; therefore he smote Israel.	And God was displeased with this thing; therefore he smote Israel.	And God was displeased with this thing; therefore he smote Israel. concerning this thing	And God was displeased with this thing; therefore he smote Israel.	And God was displeased with this thing; therefore he smote Israel.
1 Chronicles	23	20	plurality 3/4	Of the sons of Uzziel; Michah the first, and Jesiah the second.	Of the sons of Uzziel; Michah the first, and Jesiah the second.	Of the sons of Uzziel; Michah the first, and Jesiah the second.	Of the sons of Uzziel; Micah the first, and Jesiah the second.	Of the sons of Uzziel; Michah the first, and Jesiah the second.
1 Chronicles	27	12	plurality 3/4	The ninth captain for the ninth month was Abiezer the Anetothite, of the Benjamites: and in his course were twenty and four thousand.	The ninth captain for the ninth month was Abiezer the Anetothite, of the Benjamites: and in his course were twenty and four thousand.	The ninth captain for the ninth month was Abi-ezer the Anetothite, of the Benjamites: and in his course were twenty and four thousand.	The ninth captain for the ninth month was Abiezer the Anetothite, of the Benjamites: and in his course were twenty and four thousand.	The ninth captain for the ninth month was Abiezer the Anetothite, of the Benjamites: and in his course were twenty and four thousand.
2 Chronicles	2	16	plurality 2/4	And we will cut wood out of Lebanon, as much as thou shalt need: and we will bring it to thee in floats by sea to Joppa; and thou shalt carry it up to Jerusalem.	And we will cut wood out of Lebanon, as much as thou shalt need: and we will bring it to thee in flotes by sea to Joppa; and thou shalt carry it up to Jerusalem.	And we will cut wood out of Lebanon, as much as thou shalt need: and we will bring it to thee in floats by sea to Joppa; and thou shalt carry it up to Jerusalem.	And we will cut wood out of Lebanon, as much as thou shalt need: and we will bring it to thee in flotes by sea to Joppa; and thou shall carry it up to Jerusalem.	And we will cut wood out of Lebanon, as much as thou shalt need: and we will bring it to thee in floats by sea to Joppa; and thou shalt carry it up to Jerusalem.
2 Chronicles	3	1	plurality 2/4	Then Solomon began to build the house of the LORD at Jerusalem in mount Moriah, where the LORD appeared unto David his father, in the place that David had prepared in the threshingfloor of Ornan the Jebusite.	Then Solomon began to build the house of the LORD at Jerusalem in mount Moriah, where the LORD appeared unto David his father, in the place that David had prepared in the threshingfloor of Ornan the Jebusite.	Then Solomon began to build the house of the LORD at Jerusalem in mount Moriah, where the Lord appeared unto David his father, in the place that David had prepared in the threshingfloor of Ornan the Jebusite.	Then Solomon began to build the house of the LORD at Jerusalem in mount Moriah, where the LORD appeared unto David his father, in the place that David had prepared in the threshingfloor of Ornan the Jebusite.	Then Solomon began to build the house of the Lord at Jerusalem in mount Moriah, where the Lord appeared unto David his father, in the place that David had prepared in the threshingfloor of Ornan the Jebusite.
2 Chronicles	5	10	plurality 2/4	There was nothing in the ark save the two tables which Moses put therein at Horeb, when the LORD made a covenant with the children of Israel, when they came out of Egypt.	There was nothing in the ark save the two tables which Moses put therein at Horeb, when the LORD made a covenant with the children of Israel, when they came out of Egypt.	There was nothing in the ark save the two tables which Moses put therein at Horeb, when the LORD made a covenant with the children of Israel, when they came out of Egypt.: or, where, etc	There was nothing in the ark save the two tables which Moses put therein at Horeb, when the LORD made a covenant with the children of Israel, when they came out of Egypt.	There was nothing in the ark save the two tables which Moses put therein at Horeb, when the Lord made a covenant with the children of Israel, when they came out of Egypt.
2 Chronicles	7	2	plurality 2/4	And the priests could not enter into the house of the LORD, because the glory of the LORD had filled the LORD'S house.	And the priests could not enter into the house of the LORD, because the glory of the LORD had filled the LORD'S house.	And the priests could not enter into the house of the LORD, because the glory of the LORD had filled the LORD's house.	And the priests could not enter into the house of the LORD, because the glory of the LORD had filled the LORD'S house.	And the priests could not enter into the house of the Lord, because the glory of the Lord had filled the Lord's house.
2 Chronicles	11	6	plurality 2/4	He built even Beth-lehem, and Etam, and Tekoa,	He built even Beth-lehem, and Etam, and Tekoa,	He built even Beth-lehem, and Etam, and Tekoa,	He built even Bethlehem, and Etam, and Tekoa,	He built even Beth–lehem, and Etam, and Tekoa,
2 Chronicles	12	3	plurality 3/4	With twelve hundred chariots, and threescore thousand horsemen: and the people were without number that came with him out of Egypt; the Lubims, the Sukkiims, and the Ethiopians.	With twelve hundred chariots, and threescore thousand horsemen: and the people were without number that came with him out of Egypt; the Lubims, the Sukkiims, and the Ethiopians.	With twelve hundred chariots, and threescore thousand horsemen: and the people were without number that came with him out of Egypt; the Lubims, the Sukkiims, and the Ethiopians.	With twelve hundred chariots, and threescore thousand horsemen: and the people were without number that came with him out of Egypt; the Lubim, the Sukkiims, and the Ethiopians.	With twelve hundred chariots, and threescore thousand horsemen: and the people were without number that came with him out of Egypt; the Lubims, the Sukkiims, and the Ethiopians.
2 Chronicles	12	12	plurality 2/4	And when he humbled himself, the wrath of the LORD turned from him, that he would not destroy him altogether: and also in Judah things went well.	And when he humbled himself, the wrath of the LORD turned from him, that he would not destroy him altogether: and also in Judah things went well.	And when he humbled himself, the wrath of the LORD turned from him, that he would not destroy him altogether: and also in Judah things went well.	And when he humbled himself, the wrath of the LORD turned from him that he would not destroy him altogether: and also in Judah things went well.	And when he humbled himself, the wrath of the Lord turned from him, that he would not destroy him altogether: and also in Judah things went well.
2 Chronicles	13	19	plurality 2/4	And Abijah pursued after Jeroboam, and took cities from him, Beth-el with the towns thereof, and Jeshanah with the towns thereof, and Ephrain with the towns thereof.	And Abijah pursued after Jeroboam, and took cities from him, Beth-el with the towns thereof, and Jeshanah with the towns thereof, and Ephrain with the towns thereof.	And Abijah pursued after Jeroboam, and took cities from him, Beth-el with the towns thereof, and Jeshanah with the towns thereof, and Ephrain with the towns thereof.	And Abijah pursued after Jeroboam, and took cities from him, Bethel with the towns thereof, and Jeshanah with the towns thereof, and Ephrain with the towns thereof.	And Abijah pursued after Jeroboam, and took cities from him, Beth–el with the towns thereof, and Jeshanah with the towns thereof, and Ephrain with the towns thereof.
2 Chronicles	14	12	plurality 2/4	So the LORD smote the Ethiopians before Asa, and before Judah; and the Ethiopians fled.	So the LORD smote the Ethiopians before Asa, and before Judah; and the Ethiopians fled.	So the LORD smote the Ethiopians before Asa, and before Judah; and the Ethiopians fled.	So the LORD smote the Ethiopians before Asa and before Judah; and the Ethiopians fled.	So the Lord smote the Ethiopians before Asa, and before Judah; and the Ethiopians fled.
2 Chronicles	17	4	plurality 2/4	But sought to the LORD God of his father, and walked in his commandments, and not after the doings of Israel.	But sought to the LORD God of his father, and walked in his commandments, and not after the doings of Israel.	But sought to the Lord God of his father, and walked in his commandments, and not after the doings of Israel.	But sought to the LORD God of his father, and walked in his commandments, and not after the doings of Israel.	But sought to the Lord God of his father, and walked in his commandments, and not after the doings of Israel.
2 Chronicles	17	7	plurality 2/4	Also in the third year of his reign he sent to his princes, even to Ben-hail, and to Obadiah, and to Zechariah, and to Nethaneel, and to Michaiah, to teach in the cities of Judah.	Also in the third year of his reign he sent to his princes, even to Benhail, and to Obadiah, and to Zechariah, and to Nethaneel, and to Michaiah, to teach in the cities of Judah.	Also in the third year of his reign he sent to his princes, even to Ben-hail, and to Obadiah, and to Zechariah, and to Nethaneel, and to Michaiah, to teach in the cities of Judah.	Also in the third year of his reign he sent to his princes, even to Ben-hail, and to Obadiah, and to Zechariah, and to Nethaneel, and to Michaiah, to teach in the cities of Judah.	Also in the third year of his reign he sent to his princes, even to Ben–hail, and to Obadiah, and to Zechariah, and to Nethaneel, and to Michaiah, to teach in the cities of Judah.
2 Chronicles	17	8	plurality 2/4	And with them he sent Levites, even Shemaiah, and Nethaniah, and Zebadiah, and Asahel, and Shemiramoth, and Jehonathan, and Adonijah, and Tobijah, and Tob-adonijah, Levites; and with them Elishama and Jehoram, priests.	And with them he sent Levites, even Shemaiah, and Nethaniah, and Zebadiah, and Asahel, and Shemiramoth, and Jehonathan, and Adonijah, and Tobijah, and Tobadonijah, Levites; and with them Elishama and Jehoram, priests.	And with them he sent Levites, even Shemaiah, and Nethaniah, and Zebadiah, and Asahel, and Shemiramoth, and Jehonathan, and Adonijah, and Tobijah, and Tob-adonijah, Levites; and with them Elishama and Jehoram, priests.	And with them he sent Levites, even Shemaiah, and Nethaniah, and Zebadiah, and Asahel, and Shemiramoth, and Jehonathan, and Adonijah, and Tobijah, and Tob-adonijah, Levites; and with them Elishama and Jehoram, priests.	And with them he sent Levites, even Shemaiah, and Nethaniah, and Zebadiah, and Asahel, and Shemiramoth, and Jehonathan, and Adonijah, and Tobijah, and Tob–adonijah, Levites; and with them Elishama and Jehoram, priests.
2 Chronicles	18	12	plurality 3/4	And the messenger that went to call Micaiah spake to him, saying, Behold, the words of the prophets declare good to the king with one assent; let thy word therefore, I pray thee, be like one of theirs, and speak thou good.	And the messenger that went to call Micaiah spake to him, saying, Behold, the words of the prophets declare good to the king with one assent; let thy word therefore, I pray thee, be like one of their's, and speak thou good.	And the messenger that went to call Micaiah spake to him, saying, Behold, the words of the prophets declare good to the king with one assent; let thy word therefore, I pray thee, be like one of theirs, and speak thou good.	And the messenger that went to call Micaiah spake to him, saying, Behold, the words of the prophets declare good to the king with one assent; let thy word therefore, I pray thee, be like one of theirs, and speak thou good.	And the messenger that went to call Micaiah spake to him, saying, Behold, the words of the prophets declare good to the king with one assent; let thy word therefore, I pray thee, be like one of theirs, and speak thou good.
2 Chronicles	18	21	plurality 2/4	And he said, I will go out, and be a lying spirit in the mouth of all his prophets. And the LORD said, Thou shalt entice him, and thou shalt also prevail: go out, and do even so.	And he said, I will go out, and be a lying spirit in the mouth of all his prophets. And the LORD said, Thou shalt entice him, and thou shalt also prevail: go out, and do even so.	And he said, I will go out, and be a lying spirit in the mouth of all his prophets. And the Lord said, Thou shalt entice him, and thou shalt also prevail: go out, and do even so.	And he said, I will go out, and be a lying spirit in the mouth of all his prophets. And the LORD said, Thou shalt entice him, and thou shalt also prevail: go out, and do even so.	And he said, I will go out, and be a lying spirit in the mouth of all his prophets. And the Lord said, Thou shalt entice him, and thou shalt also prevail: go out, and do even so.
2 Chronicles	20	2	plurality 2/4	Then there came some that told Jehoshaphat, saying, There cometh a great multitude against thee from beyond the sea on this side Syria; and, behold, they be in Hazazon-tamar, which is En-gedi.	Then there came some that told Jehoshaphat, saying, There cometh a great multitude against thee from beyond the sea on this side Syria; and, behold, they be in Hazazon-tamar, which is En-gedi.	Then there came some that told Jehoshaphat, saying, There cometh a great multitude against thee from beyond the sea on this side Syria; and, behold, they be in Hazazon-tamar, which is En-gedi.	Then there came some that told Jehoshaphat, saying, There cometh a great multitude against thee from beyond the sea on this side Syria; and, behold, they be Hazazon-tamar, which is En-gedi.	Then there came some that told Jehoshaphat, saying, There cometh a great multitude against thee from beyond the sea on this side Syria; and, behold, they be in Hazazon–tamar, which is En–gedi.
2 Chronicles	20	15	plurality 2/4	And he said, Hearken ye, all Judah, and ye inhabitants of Jerusalem, and thou king Jehoshaphat, Thus saith the LORD unto you, Be not afraid nor dismayed by reason of this great multitude; for the battle is not yours, but God's.	And he said, Hearken ye, all Judah, and ye inhabitants of Jerusalem, and thou king Jehoshaphat, Thus saith the LORD unto you, Be not afraid nor dismayed by reason of this great multitude; for the battle is not your's, but God's.	And he said, Hearken ye, all Judah, and ye inhabitants of Jerusalem, and thou king Jehoshaphat, Thus saith the LORD unto you, Be not afraid nor dismayed by reason of this great multitude; for the battle is not yours, but God's.	And he said, Hearken ye, all Judah, and ye inhabitants of Jerusalem, and thou king Jehoshaphat, Thus saith the LORD unto you, Be not afraid nor dismayed by reason of this great multitude; for the battle is not yours, but God's.	And he said, Hearken ye, all Judah, and ye inhabitants of Jerusalem, and thou king Jehoshaphat, Thus saith the Lord unto you, Be not afraid nor dismayed by reason of this great multitude; for the battle is not yours, but God's.
2 Chronicles	20	36	plurality 2/4	And he joined himself with him to make ships to go to Tarshish: and they made the ships in Ezion-geber.	And he joined himself with him to make ships to go to Tarshish: and they made the ships in Ezion-geber.	And he joined himself with him to make ships to go to Tarshish: and they made the ships in Ezion-geber.	And he joined himself with him to make ships to go to Tarshish: and they made the ships in Ezion-gaber.	And he joined himself with him to make ships to go to Tarshish: and they made the ships in Ezion–geber.
2 Chronicles	23	16	plurality 2/4	And Jehoiada made a covenant between him, and between all the people, and between the king, that they should be the LORD'S people.	And Jehoiada made a covenant between him, and between all the people, and between the king, that they should be the LORD'S people.	And Jehoiada made a covenant between him, and between all the people, and between the king, that they should be the LORD's people.	And Jehoiada made a covenant between him, and between all the people, and between the king, that they should be the LORD'S people.	And Jehoiada made a covenant between him, and between all the people, and between the king, that they should be the Lord's people.
2 Chronicles	26	7	plurality 2/4	And God helped him against the Philistines, and against the Arabians that dwelt in Gur-baal, and the Mehunims.	And God helped him against the Philistines, and against the Arabians that dwelt in Gurbaal, and the Mehunims.	And God helped him against the Philistines, and against the Arabians that dwelt in Gur-baal, and the Mehunims.	And God helped him against the Philistines, and against the Arabians that dwelt in Gur-baal, and the Mehunims.	And God helped him against the Philistines, and against the Arabians that dwelt in Gur–baal, and the Mehunims.
2 Chronicles	29	25	plurality 2/4	And he set the Levites in the house of the LORD with cymbals, with psalteries, and with harps, according to the commandment of David, and of Gad the king's seer, and Nathan the prophet: for so was the commandment of the LORD by his prophets.	And he set the Levites in the house of the LORD with cymbals, with psalteries, and with harps, according to the commandment of David, and of Gad the king's seer, and Nathan the prophet: for so was the commandment of the LORD by his prophets.	And he set the Levites in the house of the LORD with cymbals, with psalteries, and with harps, according to the commandment of David, and of Gad the king's seer, and Nathan the prophet: for so was the commandment of the LORD by his prophets.: Heb. commandment by the hand of the LORD	And he set the Levites in the house of the LORD with cymbals, with psalteries, and with harps, according to the commandment of David, and of Gad the king's seer, and Nathan the prophet: for so was the commandment of the LORD by his prophets.	And he set the Levites in the house of the Lord with cymbals, with psalteries, and with harps, according to the commandment of David, and of Gad the king's seer, and Nathan the prophet: for so was the commandment of the Lord by his prophets.
2 Chronicles	35	20	plurality 3/4	After all this, when Josiah had prepared the temple, Necho king of Egypt came up to fight against Carchemish by Euphrates: and Josiah went out against him.	After all this, when Josiah had prepared the temple, Necho king of Egypt came up to fight against Carchemish by Euphrates: and Josiah went out against him.	After all this, when Josiah had prepared the temple, Necho king of Egypt came up to fight against Carchemish by Euphrates: and Josiah went out against him.	After all this, when Josiah had prepared the temple, Necho king of Egypt came up to fight against Charchemish by Euphrates: and Josiah went out against him.	After all this, when Josiah had prepared the temple, Necho king of Egypt came up to fight against Carchemish by Euphrates: and Josiah went out against him.
Ezra	2	2	plurality 3/4	Which came with Zerubbabel: Jeshua, Nehemiah, Seraiah, Reelaiah, Mordecai, Bilshan, Mispar, Bigvai, Rehum, Baanah. The number of the men of the people of Israel:	Which came with Zerubbabel: Jeshua, Nehemiah, Seraiah, Reelaiah, Mordecai, Bilshan, Mispar, Bigvai, Rehum, Baanah. The number of the men of the people of Israel:	Which came with Zerubbabel: Jeshua, Nehemiah, Seraiah, Reelaiah, Mordecai, Bilshan, Mispar, Bigvai, Rehum, Baanah. The number of the men of the people of Israel:	Which came with Zerubbabel: Jeshua, Nehemiah, Seraiah, Reelaiah, Mordecai, Bilshan, Mizpar, Bigvai, Rehum, Baanah. The number of the men of the people of Israel:	Which came with Zerubbabel: Jeshua, Nehemiah, Seraiah, Reelaiah, Mordecai, Bilshan, Mispar, Bigvai, Rehum, Baanah. The number of the men of the people of Israel:
Ezra	2	21	plurality 2/4	The children of Beth-lehem, an hundred twenty and three.	The children of Beth-lehem, an hundred twenty and three.	The children of Beth-lehem, an hundred twenty and three.	The children of Bethlehem, an hundred twenty and three.	The children of Beth–lehem, an hundred twenty and three.
Ezra	2	28	plurality 2/4	The men of Beth-el and Ai, two hundred twenty and three.	The men of Beth-el and Ai, two hundred twenty and three.	The men of Beth-el and Ai, two hundred twenty and three.	The men of Bethel and Ai, two hundred twenty and three.	The men of Beth–el and Ai, two hundred twenty and three.
Ezra	2	69	plurality 3/4	They gave after their ability unto the treasure of the work threescore and one thousand drams of gold, and five thousand pound of silver, and one hundred priests' garments.	They gave after their ability unto the treasure of the work threescore and one thousand drams of gold, and five thousand pound of silver, and one hundred priests' garments.	They gave after their ability unto the treasure of the work threescore and one thousand drams of gold, and five thousand pound of silver, and one hundred priests' garments.	They gave after their ability unto the treasure of the work threescore and one thousand drams of gold, and five thousand pound of silver, and one hundred priests garments.	They gave after their ability unto the treasure of the work threescore and one thousand drams of gold, and five thousand pound of silver, and one hundred priests' garments.
Ezra	3	6	plurality 2/4	From the first day of the seventh month began they to offer burnt offerings unto the LORD. But the foundation of the temple of the LORD was not yet laid.	From the first day of the seventh month began they to offer burnt offerings unto the LORD. But the foundation of the temple of the LORD was not yet laid.	From the first day of the seventh month began they to offer burnt offerings unto the LORD. But the foundation of the temple of the LORD was not yet laid. was not yet founded	From the first day of the seventh month began they to offer burnt offerings unto the LORD. But the foundation of the temple of the LORD was not yet laid.	From the first day of the seventh month began they to offer burnt offerings unto the Lord. But the foundation of the temple of the Lord was not yet laid.
Ezra	4	10	plurality 3/4	And the rest of the nations whom the great and noble Asnappar brought over, and set in the cities of Samaria, and the rest that are on this side the river, and at such a time.	And the rest of the nations whom the great and noble Asnappar brought over, and set in the cities of Samaria, and the rest that are on this side the river, and at such a time.	And the rest of the nations whom the great and noble Asnappar brought over, and set in the cities of Samaria, and the rest that are on this side the river, and at such a time.	And the rest of the nations whom the great and noble Asnapper brought over, and set in the cities of Samaria, and the rest that are on this side the river, and at such a time.	And the rest of the nations whom the great and noble Asnappar brought over, and set in the cities of Samaria, and the rest that are on this side the river, and at such a time.
Ezra	6	4	plurality 3/4	With three rows of great stones, and a row of new timber: and let the expenses be given out of the king's house:	With three rows of great stones, and a row of new timber: and let the expenses be given out of the king's house:	With three rows of great stones, and a row of new timber: and let the expenses be given out of the king's house:	With three rows of great stones, and a row of new timber: and let the expences be given out of the king's house:	With three rows of great stones, and a row of new timber: and let the expenses be given out of the king's house:
Ezra	8	15	plurality 3/4	And I gathered them together to the river that runneth to Ahava; and there abode we in tents three days: and I viewed the people, and the priests, and found there none of the sons of Levi.	And I gathered them together to the river that runneth to Ahava; and there abode we in tents three days: and I viewed the people, and the priests, and found there none of the sons of Levi.	And I gathered them together to the river that runneth to Ahava; and there abode we in tents three days: and I viewed the people, and the priests, and found there none of the sons of Levi.	And I gathered them together to the river than runneth to Ahava; and there abode we in tents three days: and I viewed the people, and the priests, and found there none of the sons of Levi.	And I gathered them together to the river that runneth to Ahava; and there abode we in tents three days: and I viewed the people, and the priests, and found there none of the sons of Levi.
Ezra	9	5	plurality 2/4	And at the evening sacrifice I arose up from my heaviness; and having rent my garment and my mantle, I fell upon my knees, and spread out my hands unto the LORD my God,	And at the evening sacrifice I arose up from my heaviness; and having rent my garment and my mantle, I fell upon my knees, and spread out my hands unto the LORD my God,	And at the evening sacrifice I arose up from my heaviness; and having rent my garment and my mantle, I fell upon my knees, and spread out my hands unto the LORD my God,	And at the evening sacrifice I arose up from my heaviness; and having rent my garment and my mantle, I fell upon my knees, and spread out my hands unto the LORD my God.	And at the evening sacrifice I arose up from my heaviness; and having rent my garment and my mantle, I fell upon my knees, and spread out my hands unto the Lord my God,
Nehemiah	3	14	plurality 2/4	But the dung gate repaired Malchiah the son of Rechab, the ruler of part of Beth-haccerem; he built it, and set up the doors thereof, the locks thereof, and the bars thereof.	But the dung gate repaired Malchiah the son of Rechab, the ruler of part of Beth-haccerem; he built it, and set up the doors thereof, the locks thereof, and the bars thereof.	But the dung gate repaired Malchiah the son of Rechab, the ruler of part of Beth-haccerem; he built it, and set up the doors thereof, the locks thereof, and the bars thereof.	But the dung gate repaired Malchiah the son of Rechab, the ruler of part of Beth-haccerem; he build it, and set up the doors thereof, the locks thereof, and the bars thereof.	But the dung gate repaired Malchiah the son of Rechab, the ruler of part of Beth–haccerem; he built it, and set up the doors thereof, the locks thereof, and the bars thereof.
Nehemiah	7	26	plurality 2/4	The men of Beth-lehem and Netophah, an hundred fourscore and eight.	The men of Beth-lehem and Netophah, an hundred fourscore and eight.	The men of Beth-lehem and Netophah, an hundred fourscore and eight.	The men of Bethlehem and Netophah, an hundred fourscore and eight.	The men of Beth–lehem and Netophah, an hundred fourscore and eight.
Nehemiah	7	30	plurality 3/4	The men of Ramah and Geba, six hundred twenty and one.	The men of Ramah and Geba, six hundred twenty and one.	The men of Ramah and Geba, six hundred twenty and one.	The men of Ramah and Gaba, six hundred twenty and one.	The men of Ramah and Geba, six hundred twenty and one.
Nehemiah	7	32	plurality 2/4	The men of Beth-el and Ai, an hundred twenty and three.	The men of Beth-el and Ai, an hundred twenty and three.	The men of Beth-el and Ai, an hundred twenty and three.	The men of Bethel and Ai, an hundred twenty and three.	The men of Beth–el and Ai, an hundred twenty and three.
Nehemiah	7	61	plurality 2/4	And these were they which went up also from Tel-melah, Tel-haresha, Cherub, Addon, and Immer: but they could not shew their father's house, nor their seed, whether they were of Israel.	And these were they which went up also from Tel-melah, Tel-haresha, Cherub, Addon, and Immer: but they could not shew their father's house, nor their seed, whether they were of Israel.	And these were they which went up also from Tel-melah, Tel-haresha, Cherub, Addon, and Immer: but they could not shew their father's house, nor their seed, whether they were of Israel.	And these were they which went up also from Telmelah, Telharesha, Cherub, Addon, and Immer: but they could not shew their father's house, nor their seed, whether they were of Israel.	And these were they which went up also from Tel–melah, Tel–haresha, Cherub, Addon, and Immer: but they could not shew their father's house, nor their seed, whether they were of Israel.
Nehemiah	7	71	plurality 3/4	And some of the chief of the fathers gave to the treasure of the work twenty thousand drams of gold, and two thousand and two hundred pound of silver.	And some of the chief of the fathers gave to the treasure of the work twenty thousand drams of gold, and two thousand and two hundred pound of silver.	And some of the chief of the fathers gave to the treasure of the work twenty thousand drams of gold, and two thousand and two hundred pound of silver.	And some of the chief of the fathers gave to the treasure of the work twenty thousand drams of gold, and two thousand and two hundred pounds of silver.	And some of the chief of the fathers gave to the treasure of the work twenty thousand drams of gold, and two thousand and two hundred pound of silver.
Nehemiah	7	72	plurality 3/4	And that which the rest of the people gave was twenty thousand drams of gold, and two thousand pound of silver, and threescore and seven priests' garments.	And that which the rest of the people gave was twenty thousand drams of gold, and two thousand pound of silver, and threescore and seven priests' garments.	And that which the rest of the people gave was twenty thousand drams of gold, and two thousand pound of silver, and threescore and seven priests' garments.	And that which the rest of the people gave was twenty thousand drams of gold, and two thousand pounds of silver, and threescore and seven priests' garments.	And that which the rest of the people gave was twenty thousand drams of gold, and two thousand pound of silver, and threescore and seven priests' garments.
Nehemiah	11	31	plurality 2/4	The children also of Benjamin from Geba dwelt at Michmash, and Aija, and Beth-el, and in their villages,	The children also of Benjamin from Geba dwelt at Michmash, and Aija, and Beth-el, and in their villages,	The children also of Benjamin from Geba dwelt at Michmash, and Aija, and Beth-el, and in their villages,	The children also of Benjamin from Geba dwelt at Michmash, and Aija, and Bethel, and in their villages,	The children also of Benjamin from Geba dwelt at Michmash, and Aija, and Beth–el, and in their villages,
Nehemiah	13	15	plurality 3/4	In those days saw I in Judah some treading wine presses on the sabbath, and bringing in sheaves, and lading asses; as also wine, grapes, and figs, and all manner of burdens, which they brought into Jerusalem on the sabbath day: and I testified against them in the day wherein they sold victuals.	In those days saw I in Judah some treading wine presses on the sabbath, and bringing in sheaves, and lading asses; as also wine, grapes, and figs, and all manner of burdens, which they brought into Jerusalem on the sabbath day: and I testified against them in the day wherein they sold victuals.	In those days saw I in Judah some treading wine presses on the sabbath, and bringing in sheaves, and lading asses; as also wine, grapes, and figs, and all manner of burdens, which they brought into Jerusalem on the sabbath day: and I testified against them in the day wherein they sold victuals.	In those days saw I in Judah some treading winepresses on the sabbath, and bringing in sheaves, and lading asses; as also wine, grapes, and figs, and all manner of burdens, which they brought into Jerusalem on the sabbath day: and I testified against them in the day wherein they sold victuals.	In those days saw I in Judah some treading wine presses on the sabbath, and bringing in sheaves, and lading asses; as also wine, grapes, and figs, and all manner of burdens, which they brought into Jerusalem on the sabbath day: and I testified against them in the day wherein they sold victuals.
Esther	2	3	plurality 3/4	And let the king appoint officers in all the provinces of his kingdom, that they may gather together all the fair young virgins unto Shushan the palace, to the house of the women, unto the custody of Hege the king's chamberlain, keeper of the women; and let their things for purification be given them:	And let the king appoint officers in all the provinces of his kingdom, that they may gather together all the fair young virgins unto Shushan the palace, to the house of the women, unto the custody of Hege the king's chamberlain, keeper of the women; and let their things for purification be given them:	And let the king appoint officers in all the provinces of his kingdom, that they may gather together all the fair young virgins unto Shushan the palace, to the house of the women, unto the custody of Hege the king's chamberlain, keeper of the women; and let their things for purification be given them:	And let the king appoint officers in all the provinces of his kingdom, that they may gather together all the fair young virgins unto Shushan the palace, to the house of the women unto the custody of Hege the king's chamberlain, keeper of the women; and let their things for purification be given them:	And let the king appoint officers in all the provinces of his kingdom, that they may gather together all the fair young virgins unto Shushan the palace, to the house of the women, unto the custody of Hege the king's chamberlain, keeper of the women; and let their things for purification be given them:
Esther	9	18	plurality 3/4	But the Jews that were at Shushan assembled together on the thirteenth day thereof, and on the fourteenth thereof; and on the fifteenth day of the same they rested, and made it a day of feasting and gladness.	But the Jews that were at Shushan assembled together on the thirteenth day thereof, and on the fourteenth thereof; and on the fifteenth day of the same they rested, and made it a day of feasting and gladness.	But the Jews that were at Shushan assembled together on the thirteenth day thereof, and on the fourteenth thereof; and on the fifteenth day of the same they rested, and made it a day of feasting and gladness.	But the Jews that were at Shushan assembled together on the thirteenth day thereof; and on the fourteenth thereof; and on the fifteenth day of the same they rested, and made it a day of feasting and gladness.	But the Jews that were at Shushan assembled together on the thirteenth day thereof, and on the fourteenth thereof; and on the fifteenth day of the same they rested, and made it a day of feasting and gladness.
Job	6	2	plurality 3/4	Oh that my grief were throughly weighed, and my calamity laid in the balances together!	Oh that my grief were throughly weighed, and my calamity laid in the balances together!	Oh that my grief were throughly weighed, and my calamity laid in the balances together!	O that my grief were throughly weighed, and my calamity laid in the balances together!	Oh that my grief were throughly weighed, and my calamity laid in the balances together!
Job	6	21	plurality 3/4	For now ye are nothing; ye see my casting down, and are afraid.	For now ye are nothing; ye see my casting down, and are afraid.	For now ye are nothing; ye see my casting down, and are afraid.	For now ye are no thing; ye see my casting down, and are afraid.	For now ye are nothing; ye see my casting down, and are afraid.
Job	13	5	plurality 3/4	O that ye would altogether hold your peace! and it should be your wisdom.	O that ye would altogether hold your peace! and it should be your wisdom.	O that ye would altogether hold your peace! and it should be your wisdom.	Oh that ye would altogether hold your peace! and it should be your wisdom.	O that ye would altogether hold your peace! and it should be your wisdom.
Job	14	13	plurality 3/4	O that thou wouldest hide me in the grave, that thou wouldest keep me secret, until thy wrath be past, that thou wouldest appoint me a set time, and remember me!	O that thou wouldest hide me in the grave, that thou wouldest keep me secret, until thy wrath be past, that thou wouldest appoint me a set time, and remember me!	O that thou wouldest hide me in the grave, that thou wouldest keep me secret, until thy wrath be past, that thou wouldest appoint me a set time, and remember me!	Oh that thou wouldest hide me in the grave, that thou wouldest keep me secret, until thy wrath be past, that thou wouldest appoint me a set time, and remember me!	O that thou wouldest hide me in the grave, that thou wouldest keep me secret, until thy wrath be past, that thou wouldest appoint me a set time, and remember me!
Job	16	16	plurality 3/4	My face is foul with weeping, and on my eyelids is the shadow of death;	My face is foul with weeping, and on my eyelids is the shadow of death;	My face is foul with weeping, and on my eyelids is the shadow of death;	My face is foul with weeping, and my eyelids is the shadow of death;	My face is foul with weeping, and on my eyelids is the shadow of death;
Job	16	21	plurality 3/4	O that one might plead for a man with God, as a man pleadeth for his neighbour!	O that one might plead for a man with God, as a man pleadeth for his neighbour!	O that one might plead for a man with God, as a man pleadeth for his neighbour!	Oh that one might plead for a man with God, as a man pleadeth for his neighbour!	O that one might plead for a man with God, as a man pleadeth for his neighbour!
Job	22	3	plurality 3/4	Is it any pleasure to the Almighty, that thou art righteous? or is it gain to him, that thou makest thy ways perfect?	Is it any pleasure to the Almighty, that thou art righteous? or is it gain to him, that thou makest thy ways perfect?	Is it any pleasure to the Almighty, that thou art righteous? or is it gain to him, that thou makest thy ways perfect?	Is it any pleasure to the Almighty, that thou art righteous? or is it gain to him that thou makest thy ways perfect?	Is it any pleasure to the Almighty, that thou art righteous? or is it gain to him, that thou makest thy ways perfect?
Job	26	3	plurality 3/4	How hast thou counselled him that hath no wisdom? and how hast thou plentifully declared the thing as it is?	How hast thou counselled him that hath no wisdom? and how hast thou plentifully declared the thing as it is?	How hast thou counselled him that hath no wisdom? and how hast thou plentifully declared the thing as it is?	How hast thou counseled him that hath no wisdom? and how hast thou plentifully declared the thing as it is?	How hast thou counselled him that hath no wisdom? and how hast thou plentifully declared the thing as it is?
Job	30	6	plurality 3/4	To dwell in the clifts of the valleys, in caves of the earth, and in the rocks.	To dwell in the clifts of the valleys, in caves of the earth, and in the rocks.	To dwell in the clifts of the valleys, in caves of the earth, and in the rocks.	To dwell in the cliffs of the valleys, in caves of the earth, and in the rocks.	To dwell in the clifts of the valleys, in caves of the earth, and in the rocks.
Job	39	19	plurality 3/4	Hast thou given the horse strength? hast thou clothed his neck with thunder?	Hast thou given the horse strength? hast thou clothed his neck with thunder?	Hast thou given the horse strength? hast thou clothed his neck with thunder?	Hath thou given the horse strength? hast thou clothed his neck with thunder?	Hast thou given the horse strength? hast thou clothed his neck with thunder?
Psalms	7	1	plurality 2/4	O LORD my God, in thee do I put my trust: save me from all them that persecute me, and deliver me:	O LORD my God, in thee do I put my trust: save me from all them that persecute me, and deliver me:	O LORD my God, in thee do I put my trust: save me from all them that persecute me, and deliver me:	O Lord my God, in thee do I put my trust: save me from all them that persecute me, and deliver me:	Shiggaion of David, which he sang unto the Lord, concerning the words of Cush the Benjamite. O Lord my God, in thee do I put my trust: save me from all them that persecute me, and deliver me:
Psalms	11	1	plurality 2/4	In the LORD put I my trust: how say ye to my soul, Flee as a bird to your mountain?	In the LORD put I my trust: how say ye to my soul, Flee as a bird to your mountain?	In the LORD put I my trust: how say ye to my soul, Flee as a bird to your mountain?	In the LORD put I my trust: How say ye to my soul, Flee as a bird to your mountain?	To the chief Musician, A Psalm of David. In the Lord put I my trust: how say ye to my soul, Flee as a bird to your mountain?
Psalms	11	4	plurality 2/4	The LORD is in his holy temple, the LORD'S throne is in heaven: his eyes behold, his eyelids try, the children of men.	The LORD is in his holy temple, the LORD'S throne is in heaven: his eyes behold, his eyelids try, the children of men.	The LORD is in his holy temple, the LORD's throne is in heaven: his eyes behold, his eyelids try, the children of men.	The LORD is in his holy temple, the LORD'S throne is in heaven: his eyes behold, his eyelids try, the children of men.	The Lord is in his holy temple, the Lord's throne is in heaven: his eyes behold, his eyelids try, the children of men.
Psalms	22	7	plurality 3/4	All they that see me laugh me to scorn: they shoot out the lip, they shake the head, saying,	All they that see me laugh me to scorn: they shoot out the lip, they shake the head, saying,	All they that see me laugh me to scorn: they shoot out the lip, they shake the head, saying,	All they that see me laugh me to scorn: they shoot out the lip, they shake the head saying,	All they that see me laugh me to scorn: they shoot out the lip, they shake the head, saying,
Psalms	22	28	plurality 2/4	For the kingdom is the LORD'S: and he is the governor among the nations.	For the kingdom is the LORD'S: and he is the governor among the nations.	For the kingdom is the LORD's: and he is the governor among the nations.	For the kingdom is the LORD'S: and he is the governor among the nations.	For the kingdom is the Lord's: and he is the governor among the nations.
Psalms	24	1	plurality 2/4	The earth is the LORD'S, and the fulness thereof; the world, and they that dwell therein.	The earth is the LORD'S, and the fulness thereof; the world, and they that dwell therein.	The earth is the LORD's, and the fulness thereof; the world, and they that dwell therein.	The earth is the LORD'S, and the fulness thereof; the world, and they that dwell therein.	A Psalm of David. The earth is the Lord's, and the fulness thereof; the world, and they that dwell therein.
Psalms	26	5	plurality 3/4	I have hated the congregation of evil doers; and will not sit with the wicked.	I have hated the congregation of evil doers; and will not sit with the wicked.	I have hated the congregation of evil doers; and will not sit with the wicked.	I have hated the congregation of evildoers; and will not sit with the wicked.	I have hated the congregation of evil doers; and will not sit with the wicked.
Psalms	33	12	plurality 2/4	Blessed is the nation whose God is the LORD; and the people whom he hath chosen for his own inheritance.	Blessed is the nation whose God is the LORD; and the people whom he hath chosen for his own inheritance.	Blessed is the nation whose God is the LORD; and the people whom he hath chosen for his own inheritance.	Blessed is the nation whose God is the LORD: and the people whom he hath chosen for his own inheritance.	Blessed is the nation whose God is the Lord; and the people whom he hath chosen for his own inheritance.
Psalms	37	40	plurality 2/4	And the LORD shall help them, and deliver them: he shall deliver them from the wicked, and save them, because they trust in him.	And the LORD shall help them, and deliver them: he shall deliver them from the wicked, and save them, because they trust in him.	And the LORD shall help them, and deliver them: he shall deliver them from the wicked, and save them, because they trust in him.	And the LORD shall help them and deliver them: he shall deliver them from the wicked, and save them, because they trust in him.	And the Lord shall help them, and deliver them: he shall deliver them from the wicked, and save them, because they trust in him.
Psalms	52	2	plurality 3/4	Thy tongue deviseth mischiefs; like a sharp razor, working deceitfully.	Thy tongue deviseth mischiefs; like a sharp razor, working deceitfully.	Thy tongue deviseth mischiefs; like a sharp razor, working deceitfully.	Thy tongue deviseth mischiefs; like a sharp rasor, working deceitfully.	Thy tongue deviseth mischiefs; like a sharp razor, working deceitfully.
Psalms	57	3	plurality 3/4	He shall send from heaven, and save me from the reproach of him that would swallow me up. Selah. God shall send forth his mercy and his truth.	He shall send from heaven, and save me from the reproach of him that would swallow me up. Selah. God shall send forth his mercy and his truth.	He shall send from heaven, and save me from the reproach of him that would swallow me up. Selah. God shall send forth his mercy and his truth.	He shall send from heaven, and save from the reproach of him that would swallow me up. Selah. God shall send forth his mercy and his truth.	He shall send from heaven, and save me from the reproach of him that would swallow me up. Selah. God shall send forth his mercy and his truth.
Psalms	68	4	plurality 2/4	Sing unto God, sing praises to his name: extol him that rideth upon the heavens by his name JAH, and rejoice before him.	Sing unto God, sing praises to his name: extol him that rideth upon the heavens by his name JAH, and rejoice before him.	Sing unto God, sing praises to his name: extol him that rideth upon the heavens by his name Jah, and rejoice before him.	Sing unto God, sing praises to his name: extol him that rideth upon the heavens by his name JAH, and rejoice before him.	Sing unto God, sing praises to his name: extol him that rideth upon the heavens by his name Jah, and rejoice before him.
Psalms	68	20	plurality 2/4	He that is our God is the God of salvation; and unto GOD the Lord belong the issues from death.	He that is our God is the God of salvation; and unto GOD the Lord belong the issues from death.	He that is our God is the God of salvation; and unto GOD the Lord belong the issues from death.	He that is our God is the God of salvation; and unto God the Lord belong the issues from death.	He that is our God is the God of salvation; and unto God the Lord belong the issues from death.
Psalms	71	18	plurality 3/4	Now also when I am old and grayheaded, O God, forsake me not; until I have shewed thy strength unto this generation, and thy power to every one that is to come.	Now also when I am old and grayheaded, O God, forsake me not; until I have shewed thy strength unto this generation, and thy power to every one that is to come.	Now also when I am old and grayheaded, O God, forsake me not; until I have shewed thy strength unto this generation, and thy power to every one that is to come.	Now also when I am old and greyheaded, O God, forsake me not; until I have shewed thy strength unto this generation, and thy power to every one that is to come.	Now also when I am old and grayheaded, O God, forsake me not; until I have shewed thy strength unto this generation, and thy power to every one that is to come.
Psalms	83	10	plurality 2/4	Which perished at Endor: they became as dung for the earth.	Which perished at En-dor: they became as dung for the earth.	Which perished at Endor: they became as dung for the earth.	Which perished at Endor: they became as dung for the earth.	Which perished at En–dor: they became as dung for the earth.
Psalms	86	17	plurality 2/4	Shew me a token for good; that they which hate me may see it, and be ashamed: because thou, LORD, hast holpen me, and comforted me.	Shew me a token for good; that they which hate me may see it, and be ashamed: because thou, LORD, hast holpen me, and comforted me.	Shew me a token for good; that they which hate me may see it, and be ashamed: because thou, LORD, hast holpen me, and comforted me.	Show me a token for good; that they which hate me may see it, and be ashamed: because thou, LORD, hast helped me, and comforted me.	Shew me a token for good; that they which hate me may see it, and be ashamed: because thou, Lord, hast holpen me, and comforted me.
Psalms	89	18	plurality 2/4	For the LORD is our defence; and the Holy One of Israel is our king.	For the LORD is our defence; and the Holy One of Israel is our king.	For the LORD is our defence; and the Holy One of Israel is our king. …: or, our shield is of the LORD, and our king is of the Holy One of Israel	For the LORD is our defence; and the Holy One of Israel is our king.	For the Lord is our defence; and the Holy One of Israel is our king.
Psalms	90	1	plurality 2/4	Lord, thou hast been our dwelling place in all generations.	Lord, thou hast been our dwelling place in all generations.	Lord, thou hast been our dwelling place in all generations.	LORD, thou hast been our dwelling place in all generations.	A Prayer of Moses the man of God. Lord, thou hast been our dwelling place in all generations.
Psalms	106	48	plurality 2/4	Blessed be the LORD God of Israel from everlasting to everlasting: and let all the people say, Amen. Praise ye the LORD.	Blessed be the LORD God of Israel from everlasting to everlasting: and let all the people say, Amen. Praise ye the LORD.	Blessed be the LORD God of Israel from everlasting to everlasting: and let all the people say, Amen. Praise ye the LORD.	Blessed be the Lord God of Israel from everlasting to everlasting: and let all the people say, Amen. Praise ye the LORD.	Blessed be the Lord God of Israel from everlasting to everlasting: and let all the people say, Amen. Praise ye the Lord.
Psalms	107	27	plurality 3/4	They reel to and fro, and stagger like a drunken man, and are at their wits' end.	They reel to and fro, and stagger like a drunken man, and are at their wits' end.	They reel to and fro, and stagger like a drunken man, and are at their wits' end.	They reel to and fro, and stagger like a drunken man, and are at their wit's end.	They reel to and fro, and stagger like a drunken man, and are at their wits' end.
Psalms	113	3	plurality 2/4	From the rising of the sun unto the going down of the same the LORD'S name is to be praised.	From the rising of the sun unto the going down of the same the LORD'S name is to be praised.	From the rising of the sun unto the going down of the same the LORD's name is to be praised.	From the rising of the sun unto the going down of the same the LORD'S name is to be praised.	From the rising of the sun unto the going down of the same the Lord's name is to be praised.
Psalms	115	16	plurality 2/4	The heaven, even the heavens, are the LORD'S: but the earth hath he given to the children of men.	The heaven, even the heavens, are the LORD'S: but the earth hath he given to the children of men.	The heaven, even the heavens, are the LORD's: but the earth hath he given to the children of men.	The heaven, even the heavens, are the LORD'S: but the earth hath he given to the children of men.	The heaven, even the heavens, are the Lord's: but the earth hath he given to the children of men.
Psalms	116	19	plurality 2/4	In the courts of the LORD'S house, in the midst of thee, O Jerusalem. Praise ye the LORD.	In the courts of the LORD'S house, in the midst of thee, O Jerusalem. Praise ye the LORD.	In the courts of the LORD's house, in the midst of thee, O Jerusalem. Praise ye the LORD.	In the courts of the LORD'S house, in the midst of thee, O Jerusalem. Praise ye the LORD.	In the courts of the Lord's house, in the midst of thee, O Jerusalem. Praise ye the Lord.
Psalms	118	23	plurality 2/4	This is the LORD'S doing; it is marvellous in our eyes.	This is the LORD'S doing; it is marvellous in our eyes.	This is the LORD's doing; it is marvellous in our eyes. …: Heb. from the LORD	This is the LORD'S doing; it is marvellous in our eyes.	This is the Lord's doing; it is marvellous in our eyes.
Psalms	137	4	plurality 2/4	How shall we sing the LORD'S song in a strange land?	How shall we sing the LORD'S song in a strange land?	How shall we sing the LORD's song in a strange land?	How shall we sing the LORD'S song in a strange land?	How shall we sing the Lord's song in a strange land?
Psalms	147	16	plurality 3/4	He giveth snow like wool: he scattereth the hoarfrost like ashes.	He giveth snow like wool: he scattereth the hoarfrost like ashes.	He giveth snow like wool: he scattereth the hoarfrost like ashes.	He giveth snow like wool: he scattereth the hoar frost like ashes.	He giveth snow like wool: he scattereth the hoarfrost like ashes.
Psalms	148	1	plurality 2/4	Praise ye the LORD. Praise ye the LORD from the heavens: praise him in the heights.	Praise ye the LORD. Praise ye the LORD from the heavens: praise him in the heights.	Praise ye the LORD. Praise ye the LORD from the heavens: praise him in the heights.. Praise: Heb. Hallelujah, etc	Praise ye the LORD. Praise ye the LORD from the heavens: praise him in the heights.	Praise ye the Lord. Praise ye the Lord from the heavens: praise him in the heights.
Psalms	148	8	plurality 3/4	Fire, and hail; snow, and vapour; stormy wind fulfilling his word:	Fire, and hail; snow, and vapour; stormy wind fulfilling his word:	Fire, and hail; snow, and vapour; stormy wind fulfilling his word:	Fire, and hail; snow, and vapours; stormy wind fulfilling his word:	Fire, and hail; snow, and vapour; stormy wind fulfilling his word:
Proverbs	6	3	plurality 3/4	Do this now, my son, and deliver thyself, when thou art come into the hand of thy friend; go, humble thyself, and make sure thy friend.	Do this now, my son, and deliver thyself, when thou art come into the hand of thy friend; go, humble thyself, and make sure thy friend.	Do this now, my son, and deliver thyself, when thou art come into the hand of thy friend; go, humble thyself, and make sure thy friend.	Do this now, my son, deliver thyself, when thou art come into the hand of thy friend; go, humble thyself, and make sure thy friend.	Do this now, my son, and deliver thyself, when thou art come into the hand of thy friend; go, humble thyself, and make sure thy friend.
Proverbs	12	14	plurality 3/4	A man shall be satisfied with good by the fruit of his mouth: and the recompence of a man's hands shall be rendered unto him.	A man shall be satisfied with good by the fruit of his mouth: and the recompence of a man's hands shall be rendered unto him.	A man shall be satisfied with good by the fruit of his mouth: and the recompence of a man's hands shall be rendered unto him.	A man shall be satisfied with good by the fruit of his mouth: and the recompense of a man's hands shall be rendered unto him.	A man shall be satisfied with good by the fruit of his mouth: and the recompence of a man's hands shall be rendered unto him.
Proverbs	13	21	plurality 3/4	Evil pursueth sinners: but to the righteous good shall be repayed.	Evil pursueth sinners: but to the righteous good shall be repayed.	Evil pursueth sinners: but to the righteous good shall be repayed.	Evil pursueth sinners: but to the righteous good shall be repaid.	Evil pursueth sinners: but to the righteous good shall be repayed.
Proverbs	16	11	plurality 2/4	A just weight and balance are the LORD'S: all the weights of the bag are his work.	A just weight and balance are the LORD'S: all the weights of the bag are his work.	A just weight and balance are the LORD's: all the weights of the bag are his work.	A just weight and balance are the LORD'S: all the weights of the bag are his work.	A just weight and balance are the Lord's: all the weights of the bag are his work.
Proverbs	19	14	plurality 2/4	House and riches are the inheritance of fathers: and a prudent wife is from the LORD.	House and riches are the inheritance of fathers: and a prudent wife is from the LORD.	House and riches are the inheritance of fathers: and a prudent wife is from the LORD.	House and riches are the inheritance of fathers and a prudent wife is from the LORD.	House and riches are the inheritance of fathers: and a prudent wife is from the Lord.
Proverbs	20	29	plurality 3/4	The glory of young men is their strength: and the beauty of old men is the gray head.	The glory of young men is their strength: and the beauty of old men is the gray head.	The glory of young men is their strength: and the beauty of old men is the gray head.	The glory of young men is their strength: and the beauty of old men is the grey head.	The glory of young men is their strength: and the beauty of old men is the gray head.
Isaiah	2	2	plurality 2/4	And it shall come to pass in the last days, that the mountain of the LORD'S house shall be established in the top of the mountains, and shall be exalted above the hills; and all nations shall flow unto it.	And it shall come to pass in the last days, that the mountain of the LORD'S house shall be established in the top of the mountains, and shall be exalted above the hills; and all nations shall flow unto it.	And it shall come to pass in the last days, that the mountain of the LORD's house shall be established in the top of the mountains, and shall be exalted above the hills; and all nations shall flow unto it.	And it shall come to pass in the last days, that the mountain of the LORD'S house shall be established in the top of the mountains, and shall be exalted above the hills; and all nations shall flow unto it.	And it shall come to pass in the last days, that the mountain of the Lord's house shall be established in the top of the mountains, and shall be exalted above the hills; and all nations shall flow unto it.
Isaiah	3	15	plurality 2/4	What mean ye that ye beat my people to pieces, and grind the faces of the poor? saith the Lord GOD of hosts.	What mean ye that ye beat my people to pieces, and grind the faces of the poor? saith the Lord GOD of hosts.	What mean ye that ye beat my people to pieces, and grind the faces of the poor? saith the Lord GOD of hosts.	What mean ye that ye beat my people to pieces, and grind the faces of the poor? saith the LORD GOD of hosts.	What mean ye that ye beat my people to pieces, and grind the faces of the poor? saith the Lord God of hosts.
Isaiah	3	17	plurality 2/4	Therefore the Lord will smite with a scab the crown of the head of the daughters of Zion, and the LORD will discover their secret parts.	Therefore the Lord will smite with a scab the crown of the head of the daughters of Zion, and the LORD will discover their secret parts.	Therefore the Lord will smite with a scab the crown of the head of the daughters of Zion, and the LORD will discover their secret parts.	Therefore the LORD will smite with a scab the crown of the head of the daughters of Zion, and the LORD will discover their secret parts.	Therefore the Lord will smite with a scab the crown of the head of the daughters of Zion, and the Lord will discover their secret parts.
Isaiah	5	9	plurality 2/4	In mine ears said the LORD of hosts, Of a truth many houses shall be desolate, even great and fair, without inhabitant.	In mine ears said the LORD of hosts, Of a truth many houses shall be desolate, even great and fair, without inhabitant.	In mine ears said the LORD of hosts, Of a truth many houses shall be desolate, even great and fair, without inhabitant., etc	In mine ears said the LORD of hosts, Of a truth many houses shall be desolate, even great and fair, without inhabitant.	In mine ears said the Lord of hosts, Of a truth many houses shall be desolate, even great and fair, without inhabitant.
Isaiah	7	10	plurality 2/4	Moreover the LORD spake again unto Ahaz, saying,	Moreover the LORD spake again unto Ahaz, saying,	Moreover the LORD spake again unto Ahaz, saying, added to speak	Moreover the LORD spake again unto Ahaz, saying,	Moreover the Lord spake again unto Ahaz, saying,
Isaiah	18	5	plurality 3/4	For afore the harvest, when the bud is perfect, and the sour grape is ripening in the flower, he shall both cut off the sprigs with pruning hooks, and take away and cut down the branches.	For afore the harvest, when the bud is perfect, and the sour grape is ripening in the flower, he shall both cut off the sprigs with pruning hooks, and take away and cut down the branches.	For afore the harvest, when the bud is perfect, and the sour grape is ripening in the flower, he shall both cut off the sprigs with pruning hooks, and take away and cut down the branches.	For afore the harvest, when the bud is perfect, and the sour grape is ripening in the flower, he shall both cut off the sprigs with pruninghooks, and take away and cut down the branches.	For afore the harvest, when the bud is perfect, and the sour grape is ripening in the flower, he shall both cut off the sprigs with pruning hooks, and take away and cut down the branches.
Isaiah	23	13	plurality 3/4	Behold the land of the Chaldeans; this people was not, till the Assyrian founded it for them that dwell in the wilderness: they set up the towers thereof, they raised up the palaces thereof; and he brought it to ruin.	Behold the land of the Chaldeans; this people was not, till the Assyrian founded it for them that dwell in the wilderness: they set up the towers thereof, they raised up the palaces thereof; and he brought it to ruin.	Behold the land of the Chaldeans; this people was not, till the Assyrian founded it for them that dwell in the wilderness: they set up the towers thereof, they raised up the palaces thereof; and he brought it to ruin.	Behold the land of the Chaldeans; this people was not, til the Assyrian founded it for them that dwell in the wilderness: they set up the towers thereof, they raised up the palaces thereof; and he brought it to ruin.	Behold the land of the Chaldeans; this people was not, till the Assyrian founded it for them that dwell in the wilderness: they set up the towers thereof, they raised up the palaces thereof; and he brought it to ruin.
Isaiah	26	13	plurality 2/4	O LORD our God, other lords beside thee have had dominion over us: but by thee only will we make mention of thy name.	O LORD our God, other lords beside thee have had dominion over us: but by thee only will we make mention of thy name.	O LORD our God, other lords beside thee have had dominion over us: but by thee only will we make mention of thy name.	O LORD our God, other lords besides thee have had dominion over us: but by thee only will we make mention of thy name.	O Lord our God, other lords beside thee have had dominion over us: but by thee only will we make mention of thy name.
Isaiah	28	25	plurality 3/4	When he hath made plain the face thereof, doth he not cast abroad the fitches, and scatter the cummin, and cast in the principal wheat and the appointed barley and the rie in their place?	When he hath made plain the face thereof, doth he not cast abroad the fitches, and scatter the cummin, and cast in the principal wheat and the appointed barley and the rie in their place?	When he hath made plain the face thereof, doth he not cast abroad the fitches, and scatter the cummin, and cast in the principal wheat and the appointed barley and the rie in their place?	When he hath made plain the face thereof, doth he not cast abroad the fitches, and scatter the cummin, and cast in the principal wheat and the appointed barley and rie in their place?	When he hath made plain the face thereof, doth he not cast abroad the fitches, and scatter the cummin, and cast in the principal wheat and the appointed barley and the rie in their place?
Isaiah	34	8	plurality 2/4	For it is the day of the LORD'S vengeance, and the year of recompences for the controversy of Zion.	For it is the day of the LORD'S vengeance, and the year of recompences for the controversy of Zion.	For it is the day of the LORD's vengeance, and the year of recompences for the controversy of Zion.	For it is the day of the LORD'S vengeance, and the year of recompences for the controversy of Zion.	For it is the day of the Lord's vengeance, and the year of recompences for the controversy of Zion.
Isaiah	37	33	plurality 2/4	Therefore thus saith the LORD concerning the king of Assyria, He shall not come into this city, nor shoot an arrow there, nor come before it with shields, nor cast a bank against it.	Therefore thus saith the LORD concerning the king of Assyria, He shall not come into this city, nor shoot an arrow there, nor come before it with shields, nor cast a bank against it.	Therefore thus saith the LORD concerning the king of Assyria, He shall not come into this city, nor shoot an arrow there, nor come before it with shields, nor cast a bank against it.	Therefore thus saith the LORD concerning the king of Assyria, He shall not come into this city, nor shoot an arrow there nor come before it with shields, nor cast a bank against it.	Therefore thus saith the Lord concerning the king of Assyria, He shall not come into this city, nor shoot an arrow there, nor come before it with shields, nor cast a bank against it.
Isaiah	40	2	plurality 2/4	Speak ye comfortably to Jerusalem, and cry unto her, that her warfare is accomplished, that her iniquity is pardoned: for she hath received of the LORD'S hand double for all her sins.	Speak ye comfortably to Jerusalem, and cry unto her, that her warfare is accomplished, that her iniquity is pardoned: for she hath received of the LORD'S hand double for all her sins.	Speak ye comfortably to Jerusalem, and cry unto her, that her warfare is accomplished, that her iniquity is pardoned: for she hath received of the LORD's hand double for all her sins.	Speak ye comfortably to Jerusalem, and cry unto her, that her warfare is accomplished, that her iniquity is pardoned: for she hath received of the LORD'S hand double for all her sins.	Speak ye comfortably to Jerusalem, and cry unto her, that her warfare is accomplished, that her iniquity is pardoned: for she hath received of the Lord's hand double for all her sins.
Isaiah	42	19	plurality 2/4	Who is blind, but my servant? or deaf, as my messenger that I sent? who is blind as he that is perfect, and blind as the LORD'S servant?	Who is blind, but my servant? or deaf, as my messenger that I sent? who is blind as he that is perfect, and blind as the LORD'S servant?	Who is blind, but my servant? or deaf, as my messenger that I sent? who is blind as he that is perfect, and blind as the LORD's servant?	Who is blind, but my servant? or deaf, as my messenger that I sent? who is blind as he that is perfect, and blind as the LORD'S servant?	Who is blind, but my servant? or deaf, as my messenger that I sent? who is blind as he that is perfect, and blind as the Lord's servant?
Isaiah	44	5	plurality 2/4	One shall say, I am the LORD'S; and another shall call himself by the name of Jacob; and another shall subscribe with his hand unto the LORD, and surname himself by the name of Israel.	One shall say, I am the LORD'S; and another shall call himself by the name of Jacob; and another shall subscribe with his hand unto the LORD, and surname himself by the name of Israel.	One shall say, I am the LORD's; and another shall call himself by the name of Jacob; and another shall subscribe with his hand unto the LORD, and surname himself by the name of Israel.	One shall say, I am the LORD'S; and another shall call himself by the name of Jacob; and another shall subscribe with his hand unto the LORD, and surname himself by the name of Israel.	One shall say, I am the Lord's; and another shall call himself by the name of Jacob; and another shall subscribe with his hand unto the Lord, and surname himself by the name of Israel.
Isaiah	45	24	plurality 2/4	Surely, shall one say, in the LORD have I righteousness and strength: even to him shall men come; and all that are incensed against him shall be ashamed.	Surely, shall one say, in the LORD have I righteousness and strength: even to him shall men come; and all that are incensed against him shall be ashamed.	Surely, shall one say, in the LORD have I righteousness and strength: even to him shall men come; and all that are incensed against him shall be ashamed. is all righteousness and strength	Surely, shall one say, in the LORD have I righteousness and strength: even to him shall men come; and all that are incensed against him shall be ashamed.	Surely, shall one say, in the Lord have I righteousness and strength: even to him shall men come; and all that are incensed against him shall be ashamed.
Isaiah	47	11	plurality 3/4	Therefore shall evil come upon thee; thou shalt not know from whence it riseth: and mischief shall fall upon thee; thou shalt not be able to put it off: and desolation shall come upon thee suddenly, which thou shalt not know.	Therefore shall evil come upon thee; thou shalt not know from whence it riseth: and mischief shall fall upon thee; thou shalt not be able to put it off: and desolation shall come upon thee suddenly, which thou shalt not know.	Therefore shall evil come upon thee; thou shalt not know from whence it riseth: and mischief shall fall upon thee; thou shalt not be able to put it off: and desolation shall come upon thee suddenly, which thou shalt not know.	Therefore shall evil come upon thee; thou shalt not know from whence it riseth: and mischief shall fall upon thee; thou shalt not be able to put if off: and desolation shall come upon thee suddenly, which thou shalt not know.	Therefore shall evil come upon thee; thou shalt not know from whence it riseth: and mischief shall fall upon thee; thou shalt not be able to put it off: and desolation shall come upon thee suddenly, which thou shalt not know.
Isaiah	54	11	plurality 3/4	O thou afflicted, tossed with tempest, and not comforted, behold, I will lay thy stones with fair colours, and lay thy foundations with sapphires.	O thou afflicted, tossed with tempest, and not comforted, behold, I will lay thy stones with fair colours, and lay thy foundations with sapphires.	O thou afflicted, tossed with tempest, and not comforted, behold, I will lay thy stones with fair colours, and lay thy foundations with sapphires.	O thou afflicted, tossed with tempest, and not comforted, behold, I will lay thy stones with fair colors, and lay thy foundations with sapphires.	O thou afflicted, tossed with tempest, and not comforted, behold, I will lay thy stones with fair colours, and lay thy foundations with sapphires.
Isaiah	59	1	plurality 2/4	Behold, the LORD'S hand is not shortened, that it cannot save; neither his ear heavy, that it cannot hear:	Behold, the LORD'S hand is not shortened, that it cannot save; neither his ear heavy, that it cannot hear:	Behold, the LORD's hand is not shortened, that it cannot save; neither his ear heavy, that it cannot hear:	Behold, the LORD'S hand is not shortened, that it cannot save; neither his ear heavy, that it cannot hear:	Behold, the Lord's hand is not shortened, that it cannot save; neither his ear heavy, that it cannot hear:
Isaiah	62	6	plurality 2/4	I have set watchmen upon thy walls, O Jerusalem, which shall never hold their peace day nor night: ye that make mention of the LORD, keep not silence,	I have set watchmen upon thy walls, O Jerusalem, which shall never hold their peace day nor night: ye that make mention of the LORD, keep not silence,	I have set watchmen upon thy walls, O Jerusalem, which shall never hold their peace day nor night: ye that make mention of the LORD, keep not silence, remembrancers	I have set watchmen upon thy walls, O Jerusalem, which shall never hold their peace day nor night: ye that make mention of the LORD, keep not silence,	I have set watchmen upon thy walls, O Jerusalem, which shall never hold their peace day nor night: ye that make mention of the Lord, keep not silence,
Isaiah	62	10	plurality 3/4	Go through, go through the gates; prepare ye the way of the people; cast up, cast up the highway; gather out the stones; lift up a standard for the people.	Go through, go through the gates; prepare ye the way of the people; cast up, cast up the highway; gather out the stones; lift up a standard for the people.	Go through, go through the gates; prepare ye the way of the people; cast up, cast up the highway; gather out the stones; lift up a standard for the people.	Go through, go through the gates; prepare ye the way of the people; cast up, cast up the highways; gather out the stones; lift up a standard for the people.	Go through, go through the gates; prepare ye the way of the people; cast up, cast up the highway; gather out the stones; lift up a standard for the people.
Isaiah	66	5	plurality 2/4	Hear the word of the LORD, ye that tremble at his word; Your brethren that hated you, that cast you out for my name's sake, said, Let the LORD be glorified: but he shall appear to your joy, and they shall be ashamed.	Hear the word of the LORD, ye that tremble at his word; Your brethren that hated you, that cast you out for my name's sake, said, Let the LORD be glorified: but he shall appear to your joy, and they shall be ashamed.	Hear the word of the LORD, ye that tremble at his word; Your brethren that hated you, that cast you out for my name's sake, said, Let the LORD be glorified: but he shall appear to your joy, and they shall be ashamed.	Hear the word of the LORD, ye that tremble at his word; your brethren that hated you, that cast you out for my name's sake, said, Let the LORD be glorified: but he shall appear to your joy, and they shall be ashamed.	Hear the word of the Lord, ye that tremble at his word; Your brethren that hated you, that cast you out for my name's sake, said, Let the Lord be glorified: but he shall appear to your joy, and they shall be ashamed.
Jeremiah	2	22	plurality 2/4	For though thou wash thee with nitre, and take thee much sope, yet thine iniquity is marked before me, saith the Lord GOD.	For though thou wash thee with nitre, and take thee much sope, yet thine iniquity is marked before me, saith the Lord GOD.	For though thou wash thee with nitre, and take thee much soap, yet thine iniquity is marked before me, saith the Lord GOD.	For though thou wash thee with nitre, and take thee much sope, yet thine iniquity is marked before me, saith the Lord GOD.	For though thou wash thee with nitre, and take thee much soap, yet thine iniquity is marked before me, saith the Lord God.
Jeremiah	4	19	plurality 3/4	My bowels, my bowels! I am pained at my very heart; my heart maketh a noise in me; I cannot hold my peace, because thou hast heard, O my soul, the sound of the trumpet, the alarm of war.	My bowels, my bowels! I am pained at my very heart; my heart maketh a noise in me; I cannot hold my peace, because thou hast heard, O my soul, the sound of the trumpet, the alarm of war.	My bowels, my bowels! I am pained at my very heart; my heart maketh a noise in me; I cannot hold my peace, because thou hast heard, O my soul, the sound of the trumpet, the alarm of war.	My bowels, my bowels! I am pained at my very heart; my heart maketh a noise in me; I cannot hold my peace, because thou hast heard, O my soul, the sound of the trump, the alarm of war.	My bowels, my bowels! I am pained at my very heart; my heart maketh a noise in me; I cannot hold my peace, because thou hast heard, O my soul, the sound of the trumpet, the alarm of war.
Jeremiah	5	10	plurality 2/4	Go ye up upon her walls, and destroy; but make not a full end: take away her battlements; for they are not the LORD'S.	Go ye up upon her walls, and destroy; but make not a full end: take away her battlements; for they are not the LORD'S.	Go ye up upon her walls, and destroy; but make not a full end: take away her battlements; for they are not the LORD's.	Go ye up upon her walls, and destroy; but make not a full end: take away her battlements; for they are not the LORD'S.	Go ye up upon her walls, and destroy; but make not a full end: take away her battlements; for they are not the Lord's.
Jeremiah	5	19	plurality 2/4	And it shall come to pass, when ye shall say, Wherefore doeth the LORD our God all these things unto us? then shalt thou answer them, Like as ye have forsaken me, and served strange gods in your land, so shall ye serve strangers in a land that is not yours.	And it shall come to pass, when ye shall say, Wherefore doeth the LORD our God all these things unto us? then shalt thou answer them, Like as ye have forsaken me, and served strange gods in your land, so shall ye serve strangers in a land that is not your's.	And it shall come to pass, when ye shall say, Wherefore doeth the LORD our God all these things unto us? then shalt thou answer them, Like as ye have forsaken me, and served strange gods in your land, so shall ye serve strangers in a land that is not yours.	And it shall come to pass, when ye shall say, Wherefore doeth the LORD our God all these things unto us? then shalt thou answer them, Like as ye have forsaken me, and served strange gods in your land, so shall ye serve strangers in a land that is not yours.	And it shall come to pass, when ye shall say, Wherefore doeth the Lord our God all these things unto us? then shalt thou answer them, Like as ye have forsaken me, and served strange gods in your land, so shall ye serve strangers in a land that is not yours.
Jeremiah	7	2	plurality 2/4	Stand in the gate of the LORD'S house, and proclaim there this word, and say, Hear the word of the LORD, all ye of Judah, that enter in at these gates to worship the LORD.	Stand in the gate of the LORD'S house, and proclaim there this word, and say, Hear the word of the LORD, all ye of Judah, that enter in at these gates to worship the LORD.	Stand in the gate of the LORD's house, and proclaim there this word, and say, Hear the word of the LORD, all ye of Judah, that enter in at these gates to worship the LORD.	Stand in the gate of the LORD'S house, and proclaim there this word, and say, Hear the word of the LORD, all ye of Judah, that enter in at these gates to worship the LORD.	Stand in the gate of the Lord's house, and proclaim there this word, and say, Hear the word of the Lord, all ye of Judah, that enter in at these gates to worship the Lord.
Jeremiah	10	13	plurality 3/4	When he uttereth his voice, there is a multitude of waters in the heavens, and he causeth the vapours to ascend from the ends of the earth; he maketh lightnings with rain, and bringeth forth the wind out of his treasures.	When he uttereth his voice, there is a multitude of waters in the heavens, and he causeth the vapours to ascend from the ends of the earth; he maketh lightnings with rain, and bringeth forth the wind out of his treasures.	When he uttereth his voice, there is a multitude of waters in the heavens, and he causeth the vapours to ascend from the ends of the earth; he maketh lightnings with rain, and bringeth forth the wind out of his treasures.	When he uttereth his voice, there is a multitude of waters in the heavens, and he causeth the vapors to ascend from the ends of the earth; he maketh lightnings with rain, and bringeth forth the wind out of his treasures.	When he uttereth his voice, there is a multitude of waters in the heavens, and he causeth the vapours to ascend from the ends of the earth; he maketh lightnings with rain, and bringeth forth the wind out of his treasures.
Jeremiah	13	17	plurality 2/4	But if ye will not hear it, my soul shall weep in secret places for your pride; and mine eye shall weep sore, and run down with tears, because the LORD'S flock is carried away captive.	But if ye will not hear it, my soul shall weep in secret places for your pride; and mine eye shall weep sore, and run down with tears, because the LORD'S flock is carried away captive.	But if ye will not hear it, my soul shall weep in secret places for your pride; and mine eye shall weep sore, and run down with tears, because the LORD's flock is carried away captive.	But if ye will not hear it, my soul shall weep in secret places for your pride; and mine eye shall weep sore, and run down with tears, because the LORD'S flock is carried away captive.	But if ye will not hear it, my soul shall weep in secret places for your pride; and mine eye shall weep sore, and run down with tears, because the Lord's flock is carried away captive.
Jeremiah	16	21	plurality 2/4	Therefore, behold, I will this once cause them to know, I will cause them to know mine hand and my might; and they shall know that my name is The LORD.	Therefore, behold, I will this once cause them to know, I will cause them to know mine hand and my might; and they shall know that my name is The LORD.	Therefore, behold, I will this once cause them to know, I will cause them to know mine hand and my might; and they shall know that my name is The LORD.: or, JEHOVAH	Therefore, behold, I will this once cause them to know, I will cause them to know mine hand and my might; and they shall know that my name is The LORD.	Therefore, behold, I will this once cause them to know, I will cause them to know mine hand and my might; and they shall know that my name is The Lord.
Jeremiah	19	14	plurality 2/4	Then came Jeremiah from Tophet, whither the LORD had sent him to prophesy; and he stood in the court of the LORD'S house; and said to all the people,	Then came Jeremiah from Tophet, whither the LORD had sent him to prophesy; and he stood in the court of the LORD'S house; and said to all the people,	Then came Jeremiah from Tophet, whither the LORD had sent him to prophesy; and he stood in the court of the LORD's house; and said to all the people,	Then came Jeremiah from Tophet, whither the LORD had sent him to prophesy; and he stood in the court of the LORD'S house; and said to all the people,	Then came Jeremiah from Tophet, whither the Lord had sent him to prophesy; and he stood in the court of the Lord's house; and said to all the people,
Jeremiah	23	6	plurality 3/4	In his days Judah shall be saved, and Israel shall dwell safely: and this is his name whereby he shall be called, THE LORD OUR RIGHTEOUSNESS.	In his days Judah shall be saved, and Israel shall dwell safely: and this is his name whereby he shall be called, THE LORD OUR RIGHTEOUSNESS.	In his days Judah shall be saved, and Israel shall dwell safely: and this is his name whereby he shall be called, THE LORD OUR RIGHTEOUSNESS. …: Heb. Jehovah-tsidkenu	In his days Judah shall be saved, and Israel shall dwell safely: and this is his name whereby he shall be called, THE LORD OUR RIGHTEOUSNESS.	In his days Judah shall be saved, and Israel shall dwell safely: and this is his name whereby he shall be called, THE LORD OUR RIGHTEOUSNESS.
Jeremiah	25	17	plurality 2/4	Then took I the cup at the LORD'S hand, and made all the nations to drink, unto whom the LORD had sent me:	Then took I the cup at the LORD'S hand, and made all the nations to drink, unto whom the LORD had sent me:	Then took I the cup at the LORD's hand, and made all the nations to drink, unto whom the LORD had sent me:	Then took I the cup at the LORD'S hand, and made all the nations to drink, unto whom the LORD had sent me:	Then took I the cup at the Lord's hand, and made all the nations to drink, unto whom the Lord had sent me:
Jeremiah	26	2	plurality 2/4	Thus saith the LORD; Stand in the court of the LORD'S house, and speak unto all the cities of Judah, which come to worship in the LORD'S house, all the words that I command thee to speak unto them; diminish not a word:	Thus saith the LORD; Stand in the court of the LORD'S house, and speak unto all the cities of Judah, which come to worship in the LORD'S house, all the words that I command thee to speak unto them; diminish not a word:	Thus saith the LORD; Stand in the court of the LORD's house, and speak unto all the cities of Judah, which come to worship in the LORD's house, all the words that I command thee to speak unto them; diminish not a word:	Thus saith the LORD; Stand in the court of the LORD'S house, and speak unto all the cities of Judah, which come to worship in the LORD'S house, all the words that I command thee to speak unto them; diminish not a word:	Thus saith the Lord; Stand in the court of the Lord's house, and speak unto all the cities of Judah, which come to worship in the Lord's house, all the words that I command thee to speak unto them; diminish not a word:
Jeremiah	26	10	plurality 2/4	When the princes of Judah heard these things, then they came up from the king's house unto the house of the LORD, and sat down in the entry of the new gate of the LORD'S house.	When the princes of Judah heard these things, then they came up from the king's house unto the house of the LORD, and sat down in the entry of the new gate of the LORD'S house.	When the princes of Judah heard these things, then they came up from the king's house unto the house of the LORD, and sat down in the entry of the new gate of the LORD's house.	When the princes of Judah heard these things, then they came up from the king's house unto the house of the LORD, and sat down in the entry of the new gate of the LORD'S house.	When the princes of Judah heard these things, then they came up from the king's house unto the house of the Lord, and sat down in the entry of the new gate of the Lord's house.
Jeremiah	26	19	plurality 2/4	Did Hezekiah king of Judah and all Judah put him at all to death? did he not fear the LORD, and besought the LORD, and the LORD repented him of the evil which he had pronounced against them? Thus might we procure great evil against our souls.	Did Hezekiah king of Judah and all Judah put him at all to death? did he not fear the LORD, and besought the LORD, and the LORD repented him of the evil which he had pronounced against them? Thus might we procure great evil against our souls.	Did Hezekiah king of Judah and all Judah put him at all to death? did he not fear the LORD, and besought the LORD, and the LORD repented him of the evil which he had pronounced against them? Thus might we procure great evil against our souls., and the: Heb. the face of the LORD, etc	Did Hezekiah king of Judah and all Judah put him at all to death? did he not fear the LORD, and besought the LORD, and the LORD repented him of the evil which he had pronounced against them? Thus might we procure great evil against our souls.	Did Hezekiah king of Judah and all Judah put him at all to death? did he not fear the Lord, and besought the Lord, and the Lord repented him of the evil which he had pronounced against them? Thus might we procure great evil against our souls.
Jeremiah	27	2	plurality 2/4	Thus saith the LORD to me; Make thee bonds and yokes, and put them upon thy neck,	Thus saith the LORD to me; Make thee bonds and yokes, and put them upon thy neck,	Thus saith the LORD to me; Make thee bonds and yokes, and put them upon thy neck, said	Thus saith the LORD to me; Make thee bonds and yokes, and put them upon thy neck,	Thus saith the Lord to me; Make thee bonds and yokes, and put them upon thy neck,
Jeremiah	27	16	plurality 2/4	Also I spake to the priests and to all this people, saying, Thus saith the LORD; Hearken not to the words of your prophets that prophesy unto you, saying, Behold, the vessels of the LORD'S house shall now shortly be brought again from Babylon: for they prophesy a lie unto you.	Also I spake to the priests and to all this people, saying, Thus saith the LORD; Hearken not to the words of your prophets that prophesy unto you, saying, Behold, the vessels of the LORD'S house shall now shortly be brought again from Babylon: for they prophesy a lie unto you.	Also I spake to the priests and to all this people, saying, Thus saith the LORD; Hearken not to the words of your prophets that prophesy unto you, saying, Behold, the vessels of the LORD's house shall now shortly be brought again from Babylon: for they prophesy a lie unto you.	Also I spake to the priests and to all this people, saying, Thus saith the LORD; Hearken not to the words of your prophets that prophesy unto you, saying, Behold, the vessels of the LORD'S house shall now shortly be brought again from Babylon: for they prophesy a lie unto you.	Also I spake to the priests and to all this people, saying, Thus saith the Lord; Hearken not to the words of your prophets that prophesy unto you, saying, Behold, the vessels of the Lord's house shall now shortly be brought again from Babylon: for they prophesy a lie unto you.
Jeremiah	28	3	plurality 2/4	Within two full years will I bring again into this place all the vessels of the LORD'S house, that Nebuchadnezzar king of Babylon took away from this place, and carried them to Babylon:	Within two full years will I bring again into this place all the vessels of the LORD'S house, that Nebuchadnezzar king of Babylon took away from this place, and carried them to Babylon:	Within two full years will I bring again into this place all the vessels of the LORD's house, that Nebuchadnezzar king of Babylon took away from this place, and carried them to Babylon:	Within two full years will I bring again into this place all the vessels of the LORD'S house, that Nebuchadnezzar king of Babylon took away from this place, and carried them to Babylon:	Within two full years will I bring again into this place all the vessels of the Lord's house, that Nebuchadnezzar king of Babylon took away from this place, and carried them to Babylon:
Jeremiah	28	6	plurality 2/4	Even the prophet Jeremiah said, Amen: the LORD do so: the LORD perform thy words which thou hast prophesied, to bring again the vessels of the LORD'S house, and all that is carried away captive, from Babylon into this place.	Even the prophet Jeremiah said, Amen: the LORD do so: the LORD perform thy words which thou hast prophesied, to bring again the vessels of the LORD'S house, and all that is carried away captive, from Babylon into this place.	Even the prophet Jeremiah said, Amen: the LORD do so: the LORD perform thy words which thou hast prophesied, to bring again the vessels of the LORD's house, and all that is carried away captive, from Babylon into this place.	Even the prophet Jeremiah said, Amen: the LORD do so: the LORD perform thy words which thou hast prophesied, to bring again the vessels of the LORD'S house, and all that is carried away captive, from Babylon into this place.	Even the prophet Jeremiah said, Amen: the Lord do so: the Lord perform thy words which thou hast prophesied, to bring again the vessels of the Lord's house, and all that is carried away captive, from Babylon into this place.
Jeremiah	31	34	plurality 2/4	And they shall teach no more every man his neighbour, and every man his brother, saying, Know the LORD: for they shall all know me, from the least of them unto the greatest of them, saith the LORD: for I will forgive their iniquity, and I will remember their sin no more.	And they shall teach no more every man his neighbour, and every man his brother, saying, Know the LORD: for they shall all know me, from the least of them unto the greatest of them, saith the LORD: for I will forgive their iniquity, and I will remember their sin no more.	And they shall teach no more every man his neighbour, and every man his brother, saying, Know the LORD: for they shall all know me, from the least of them unto the greatest of them, saith the LORD: for I will forgive their iniquity, and I will remember their sin no more.	And they shall teach no more every man his neighbour, and every man his brother, saying, Know the LORD: for they shall all know me, from the least of them unto the greatest of them, saith the LORD; for I will forgive their iniquity, and I will remember their sin no more.	And they shall teach no more every man his neighbour, and every man his brother, saying, Know the Lord: for they shall all know me, from the least of them unto the greatest of them, saith the Lord: for I will forgive their iniquity, and I will remember their sin no more.
Jeremiah	32	5	plurality 2/4	And he shall lead Zedekiah to Babylon, and there shall he be until I visit him, saith the LORD: though ye fight with the Chaldeans, ye shall not prosper.	And he shall lead Zedekiah to Babylon, and there shall he be until I visit him, saith the LORD: though ye fight with the Chaldeans, ye shall not prosper.	And he shall lead Zedekiah to Babylon, and there shall he be until I visit him, saith the LORD: though ye fight with the Chaldeans, ye shall not prosper.	And he shall lead Zedekiah to Babylon, and there shall he be until I visit him, saith the LORD: though ye fight with the Chaldeans, ye shall not prosper?	And he shall lead Zedekiah to Babylon, and there shall he be until I visit him, saith the Lord: though ye fight with the Chaldeans, ye shall not prosper.
Jeremiah	33	2	plurality 2/4	Thus saith the LORD the maker thereof, the LORD that formed it, to establish it; the LORD is his name;	Thus saith the LORD the maker thereof, the LORD that formed it, to establish it; the LORD is his name;	Thus saith the LORD the maker thereof, the LORD that formed it, to establish it; the LORD is his name; is: or, JEHOVAH, etc	Thus saith the LORD the maker thereof, the LORD that formed it, to establish it; the LORD is his name;	Thus saith the Lord the maker thereof, the Lord that formed it, to establish it; the Lord is his name;
Jeremiah	33	16	plurality 2/4	In those days shall Judah be saved, and Jerusalem shall dwell safely: and this is the name wherewith she shall be called, The LORD our righteousness.	In those days shall Judah be saved, and Jerusalem shall dwell safely: and this is the name wherewith she shall be called, The LORD our righteousness.	In those days shall Judah be saved, and Jerusalem shall dwell safely: and this is the name wherewith she shall be called, The LORD our righteousness. …: Heb. Jehovah-tsidkenu	In those days shall Judah be saved, and Jerusalem shall dwell safely: and this is the name wherewith she shall be called, The LORD our righteousness.	In those days shall Judah be saved, and Jerusalem shall dwell safely: and this is the name wherewith she shall be called, The Lord our righteousness.
Jeremiah	36	2	plurality 3/4	Take thee a roll of a book, and write therein all the words that I have spoken unto thee against Israel, and against Judah, and against all the nations, from the day I spake unto thee, from the days of Josiah, even unto this day.	Take thee a roll of a book, and write therein all the words that I have spoken unto thee against Israel, and against Judah, and against all the nations, from the day I spake unto thee, from the days of Josiah, even unto this day.	Take thee a roll of a book, and write therein all the words that I have spoken unto thee against Israel, and against Judah, and against all the nations, from the day I spake unto thee, from the days of Josiah, even unto this day.	Take thee a roll of a book, and write therein all the words that I have spoken unto thee against Israel, and against Judah, and against all the nations, from the day I spake unto thee, from the days of Josiah, even into this day.	Take thee a roll of a book, and write therein all the words that I have spoken unto thee against Israel, and against Judah, and against all the nations, from the day I spake unto thee, from the days of Josiah, even unto this day.
Jeremiah	36	6	plurality 2/4	Therefore go thou, and read in the roll, which thou hast written from my mouth, the words of the LORD in the ears of the people in the LORD'S house upon the fasting day: and also thou shalt read them in the ears of all Judah that come out of their cities.	Therefore go thou, and read in the roll, which thou hast written from my mouth, the words of the LORD in the ears of the people in the LORD'S house upon the fasting day: and also thou shalt read them in the ears of all Judah that come out of their cities.	Therefore go thou, and read in the roll, which thou hast written from my mouth, the words of the LORD in the ears of the people in the LORD's house upon the fasting day: and also thou shalt read them in the ears of all Judah that come out of their cities.	Therefore go thou, and read in the roll, which thou hast written from my mouth, the words of the LORD in the ears of the people in the LORD'S house upon the fasting day: and also thou shalt read them in the ears of all Judah that come out of their cities.	Therefore go thou, and read in the roll, which thou hast written from my mouth, the words of the Lord in the ears of the people in the Lord's house upon the fasting day: and also thou shalt read them in the ears of all Judah that come out of their cities.
Jeremiah	36	8	plurality 2/4	And Baruch the son of Neriah did according to all that Jeremiah the prophet commanded him, reading in the book the words of the LORD in the LORD'S house.	And Baruch the son of Neriah did according to all that Jeremiah the prophet commanded him, reading in the book the words of the LORD in the LORD'S house.	And Baruch the son of Neriah did according to all that Jeremiah the prophet commanded him, reading in the book the words of the LORD in the LORD's house.	And Baruch the son of Neriah did according to all that Jeremiah the prophet commanded him, reading in the book the words of the LORD in the LORD'S house.	And Baruch the son of Neriah did according to all that Jeremiah the prophet commanded him, reading in the book the words of the Lord in the Lord's house.
Jeremiah	36	10	plurality 2/4	Then read Baruch in the book the words of Jeremiah in the house of the LORD, in the chamber of Gemariah the son of Shaphan the scribe, in the higher court, at the entry of the new gate of the LORD'S house, in the ears of all the people.	Then read Baruch in the book the words of Jeremiah in the house of the LORD, in the chamber of Gemariah the son of Shaphan the scribe, in the higher court, at the entry of the new gate of the LORD'S house, in the ears of all the people.	Then read Baruch in the book the words of Jeremiah in the house of the LORD, in the chamber of Gemariah the son of Shaphan the scribe, in the higher court, at the entry of the new gate of the LORD's house, in the ears of all the people.	Then read Baruch in the book the words of Jeremiah in the house of the LORD, in the chamber of Gemariah the son of Shaphan the scribe, in the higher court, at the entry of the new gate of the LORD'S house, in the ears of all the people.	Then read Baruch in the book the words of Jeremiah in the house of the Lord, in the chamber of Gemariah the son of Shaphan the scribe, in the higher court, at the entry of the new gate of the Lord's house, in the ears of all the people.
Jeremiah	36	29	plurality 2/4	And thou shalt say to Jehoiakim king of Judah, Thus saith the LORD; Thou hast burned this roll, saying, Why hast thou written therein, saying, The king of Babylon shall certainly come and destroy this land, and shall cause to cease from thence man and beast?	And thou shalt say to Jehoiakim king of Judah, Thus saith the LORD; Thou hast burned this roll, saying, Why hast thou written therein, saying, The king of Babylon shall certainly come and destroy this land, and shall cause to cease from thence man and beast?	And thou shalt say to Jehoiakim king of Judah, Thus saith the LORD; Thou hast burned this roll, saying, Why hast thou written therein, saying, The king of Babylon shall certainly come and destroy this land, and shall cause to cease from thence man and beast?	And thou shalt say to Jehoiakim the king of Judah, Thus saith the LORD; Thou hast burned this roll, saying, Why hast thou written therein, saying, The king of Babylon shall certainly come and destroy this land, and shall cause to cease from thence man and beast?	And thou shalt say to Jehoiakim king of Judah, Thus saith the Lord; Thou hast burned this roll, saying, Why hast thou written therein, saying, The king of Babylon shall certainly come and destroy this land, and shall cause to cease from thence man and beast?
Jeremiah	37	21	plurality 3/4	Then Zedekiah the king commanded that they should commit Jeremiah into the court of the prison, and that they should give him daily a piece of bread out of the bakers' street, until all the bread in the city were spent. Thus Jeremiah remained in the court of the prison.	Then Zedekiah the king commanded that they should commit Jeremiah into the court of the prison, and that they should give him daily a piece of bread out of the bakers' street, until all the bread in the city were spent. Thus Jeremiah remained in the court of the prison.	Then Zedekiah the king commanded that they should commit Jeremiah into the court of the prison, and that they should give him daily a piece of bread out of the bakers' street, until all the bread in the city were spent. Thus Jeremiah remained in the court of the prison.	Then Zedekiah the king commanded that they should commit Jeremiah into the court of the prison, and that they should give him daily a piece of bread out of the bakers street, until all the bread in the city were spent. Thus Jeremiah remained in the court of the prison.	Then Zedekiah the king commanded that they should commit Jeremiah into the court of the prison, and that they should give him daily a piece of bread out of the bakers' street, until all the bread in the city were spent. Thus Jeremiah remained in the court of the prison.
Jeremiah	39	3	plurality 2/4	And all the princes of the king of Babylon came in, and sat in the middle gate, even Nergal-sharezer, Samgar-nebo, Sarsechim, Rab-saris, Nergal-sharezer, Rab-mag, with all the residue of the princes of the king of Babylon.	And all the princes of the king of Babylon came in, and sat in the middle gate, even Nergal-sharezer, Samgar-nebo, Sarsechim, Rab-saris, Nergal-sharezer, Rab-mag, with all the residue of the princes of the king of Babylon.	And all the princes of the king of Babylon came in, and sat in the middle gate, even Nergal-sharezer, Samgar-nebo, Sarsechim, Rab-saris, Nergal-sharezer, Rab-mag, with all the residue of the princes of the king of Babylon.	And all the princes of the king of Babylon came in, and sat in the middle gate, even Nergal-sharezer, Samgar-nebo, Sarsechim, Rab-saris, Nergal-sharezer, Rabmag, with all the residue of the princes of the king of Babylon.	And all the princes of the king of Babylon came in, and sat in the middle gate, even Nergal–sharezer, Samgar–nebo, Sarsechim, Rab–saris, Nergal–sharezer, Rab–mag, with all the residue of the princes of the king of Babylon.
Jeremiah	39	13	plurality 2/4	So Nebuzar-adan the captain of the guard sent, and Nebushasban, Rab-saris, and Nergal-sharezer, Rab-mag, and all the king of Babylon's princes;	So Nebuzar-adan the captain of the guard sent, and Nebushasban, Rab-saris, and Nergal-sharezer, Rab-mag, and all the king of Babylon's princes;	So Nebuzar-adan the captain of the guard sent, and Nebushasban, Rab-saris, and Nergal-sharezer, Rab-mag, and all the king of Babylon's princes;	So Nebuzar-adan the captain of the guard sent, and Nebushasban, Rab-saris, and Nergal-sharezer, Rabmag, and all the king of Babylon's princes;	So Nebuzar–adan the captain of the guard sent, and Nebushasban, Rab–saris, and Nergal–sharezer, Rab–mag, and all the king of Babylon's princes;
Jeremiah	41	17	plurality 2/4	And they departed, and dwelt in the habitation of Chimham, which is by Beth-lehem, to go to enter into Egypt,	And they departed, and dwelt in the habitation of Chimham, which is by Beth-lehem, to go to enter into Egypt,	And they departed, and dwelt in the habitation of Chimham, which is by Beth-lehem, to go to enter into Egypt,	And they departed, and dwelt in the habitation of Chimham, which is by Bethlehem, to go to enter into Egypt,	And they departed, and dwelt in the habitation of Chimham, which is by Beth–lehem, to go to enter into Egypt,
Jeremiah	44	28	plurality 3/4	Yet a small number that escape the sword shall return out of the land of Egypt into the land of Judah, and all the remnant of Judah, that are gone into the land of Egypt to sojourn there, shall know whose words shall stand, mine, or theirs.	Yet a small number that escape the sword shall return out of the land of Egypt into the land of Judah, and all the remnant of Judah, that are gone into the land of Egypt to sojourn there, shall know whose words shall stand, mine, or their's.	Yet a small number that escape the sword shall return out of the land of Egypt into the land of Judah, and all the remnant of Judah, that are gone into the land of Egypt to sojourn there, shall know whose words shall stand, mine, or theirs.	Yet a small number that escape the sword shall return out of the land of Egypt into the land of Judah, and all the remnant of Judah, that are gone into the land of Egypt to sojourn there, shall know whose words shall stand, mine, or theirs.	Yet a small number that escape the sword shall return out of the land of Egypt into the land of Judah, and all the remnant of Judah, that are gone into the land of Egypt to sojourn there, shall know whose words shall stand, mine, or theirs.
Jeremiah	48	13	plurality 2/4	And Moab shall be ashamed of Chemosh, as the house of Israel was ashamed of Beth-el their confidence.	And Moab shall be ashamed of Chemosh, as the house of Israel was ashamed of Beth-el their confidence.	And Moab shall be ashamed of Chemosh, as the house of Israel was ashamed of Beth-el their confidence.	And Moab shall be ashamed of Chemosh, as the house of Israel was ashamed of Bethel their confidence.	And Moab shall be ashamed of Chemosh, as the house of Israel was ashamed of Beth–el their confidence.
Jeremiah	48	20	plurality 3/4	Moab is confounded; for it is broken down: howl and cry; tell ye it in Arnon, that Moab is spoiled,	Moab is confounded; for it is broken down: howl and cry; tell ye it in Arnon, that Moab is spoiled,	Moab is confounded; for it is broken down: howl and cry; tell ye it in Arnon, that Moab is spoiled,	Moab is confounded; for it is broken down: howl and cry; and tell ye it in Arnon, that Moab is spoiled,	Moab is confounded; for it is broken down: howl and cry; tell ye it in Arnon, that Moab is spoiled,
Jeremiah	49	37	plurality 2/4	For I will cause Elam to be dismayed before their enemies, and before them that seek their life: and I will bring evil upon them, even my fierce anger, saith the LORD; and I will send the sword after them, till I have consumed them:	For I will cause Elam to be dismayed before their enemies, and before them that seek their life: and I will bring evil upon them, even my fierce anger, saith the LORD; and I will send the sword after them, till I have consumed them:	For I will cause Elam to be dismayed before their enemies, and before them that seek their life: and I will bring evil upon them, even my fierce anger, saith the LORD; and I will send the sword after them, till I have consumed them:	For I will cause Elam to be dismayed before their enemies, and before them that seek their life: and I will bring evil upon them even my fierce anger, saith the LORD; and I will send the sword after them, till I have consumed them:	For I will cause Elam to be dismayed before their enemies, and before them that seek their life: and I will bring evil upon them, even my fierce anger, saith the Lord; and I will send the sword after them, till I have consumed them:
Jeremiah	51	6	plurality 2/4	Flee out of the midst of Babylon, and deliver every man his soul: be not cut off in her iniquity; for this is the time of the LORD'S vengeance; he will render unto her a recompence.	Flee out of the midst of Babylon, and deliver every man his soul: be not cut off in her iniquity; for this is the time of the LORD'S vengeance; he will render unto her a recompence.	Flee out of the midst of Babylon, and deliver every man his soul: be not cut off in her iniquity; for this is the time of the LORD's vengeance; he will render unto her a recompence.	Flee out of the midst of Babylon, and deliver every man his soul: be not cut off in her iniquity; for this is the time of the LORD'S vengeance; he will render unto her a recompence.	Flee out of the midst of Babylon, and deliver every man his soul: be not cut off in her iniquity; for this is the time of the Lord's vengeance; he will render unto her a recompence.
Jeremiah	51	7	plurality 2/4	Babylon hath been a golden cup in the LORD'S hand, that made all the earth drunken: the nations have drunken of her wine; therefore the nations are mad.	Babylon hath been a golden cup in the LORD'S hand, that made all the earth drunken: the nations have drunken of her wine; therefore the nations are mad.	Babylon hath been a golden cup in the LORD's hand, that made all the earth drunken: the nations have drunken of her wine; therefore the nations are mad.	Babylon hath been a golden cup in the LORD'S hand, that made all the earth drunken: the nations have drunken of her wine; therefore the nations are mad.	Babylon hath been a golden cup in the Lord's hand, that made all the earth drunken: the nations have drunken of her wine; therefore the nations are mad.
Jeremiah	51	8	plurality 3/4	Babylon is suddenly fallen and destroyed: howl for her; take balm for her pain, if so be she may be healed.	Babylon is suddenly fallen and destroyed: howl for her; take balm for her pain, if so be she may be healed.	Babylon is suddenly fallen and destroyed: howl for her; take balm for her pain, if so be she may be healed.	Babylon is suddenly fallen and destroyed: howl for her; take balm for her pain, if so she may be healed.	Babylon is suddenly fallen and destroyed: howl for her; take balm for her pain, if so be she may be healed.
Jeremiah	51	16	plurality 3/4	When he uttereth his voice, there is a multitude of waters in the heavens; and he causeth the vapours to ascend from the ends of the earth: he maketh lightnings with rain, and bringeth forth the wind out of his treasures.	When he uttereth his voice, there is a multitude of waters in the heavens; and he causeth the vapours to ascend from the ends of the earth: he maketh lightnings with rain, and bringeth forth the wind out of his treasures.	When he uttereth his voice, there is a multitude of waters in the heavens; and he causeth the vapours to ascend from the ends of the earth: he maketh lightnings with rain, and bringeth forth the wind out of his treasures.	When he uttereth his voice, there is a multitude of waters in the heavens; and he causeth the vapors to ascend from the ends of the earth: he maketh lightnings with rain, and bringeth forth the wind out of his treasures.	When he uttereth his voice, there is a multitude of waters in the heavens; and he causeth the vapours to ascend from the ends of the earth: he maketh lightnings with rain, and bringeth forth the wind out of his treasures.
Jeremiah	51	37	plurality 3/4	And Babylon shall become heaps, a dwellingplace for dragons, an astonishment, and an hissing, without an inhabitant.	And Babylon shall become heaps, a dwellingplace for dragons, an astonishment, and an hissing, without an inhabitant.	And Babylon shall become heaps, a dwellingplace for dragons, an astonishment, and an hissing, without an inhabitant.	And Babylon shall become heaps, a dwelling place for dragons, an astonishment, and an hissing, without an inhabitant.	And Babylon shall become heaps, a dwellingplace for dragons, an astonishment, and an hissing, without an inhabitant.
Jeremiah	51	51	plurality 2/4	We are confounded, because we have heard reproach: shame hath covered our faces: for strangers are come into the sanctuaries of the LORD'S house.	We are confounded, because we have heard reproach: shame hath covered our faces: for strangers are come into the sanctuaries of the LORD'S house.	We are confounded, because we have heard reproach: shame hath covered our faces: for strangers are come into the sanctuaries of the LORD's house.	We are confounded, because we have heard reproach: shame hath covered our faces: for strangers are come into the sanctuaries of the LORD'S house.	We are confounded, because we have heard reproach: shame hath covered our faces: for strangers are come into the sanctuaries of the Lord's house.
Lamentations	1	1	plurality 3/4	How doth the city sit solitary, that was full of people! how is she become as a widow! she that was great among the nations, and princess among the provinces, how is she become tributary!	How doth the city sit solitary, that was full of people! how is she become as a widow! she that was great among the nations, and princess among the provinces, how is she become tributary!	How doth the city sit solitary, that was full of people! how is she become as a widow! she that was great among the nations, and princess among the provinces, how is she become tributary!	How doth the city sit solitary, that was full of people how is she become as a widow she that was great among the nations, and princess among the provinces, how is she become tributary	How doth the city sit solitary, that was full of people! how is she become as a widow! she that was great among the nations, and princess among the provinces, how is she become tributary!
Lamentations	2	22	plurality 2/4	Thou hast called as in a solemn day my terrors round about, so that in the day of the LORD'S anger none escaped nor remained: those that I have swaddled and brought up hath mine enemy consumed.	Thou hast called as in a solemn day my terrors round about, so that in the day of the LORD'S anger none escaped nor remained: those that I have swaddled and brought up hath mine enemy consumed.	Thou hast called as in a solemn day my terrors round about, so that in the day of the LORD's anger none escaped nor remained: those that I have swaddled and brought up hath mine enemy consumed.	Thou hast called as in a solemn day my terrors round about, so that in the day of the LORD'S anger none escaped nor remained: those that I have swaddled and brought up hath mine enemy consumed.	Thou hast called as in a solemn day my terrors round about, so that in the day of the Lord's anger none escaped nor remained: those that I have swaddled and brought up hath mine enemy consumed.
Lamentations	3	22	plurality 2/4	It is of the LORD'S mercies that we are not consumed, because his compassions fail not.	It is of the LORD'S mercies that we are not consumed, because his compassions fail not.	It is of the LORD's mercies that we are not consumed, because his compassions fail not.	It is of the LORD'S mercies that we are not consumed, because his compassions fail not.	It is of the Lord's mercies that we are not consumed, because his compassions fail not.
Ezekiel	5	12	plurality 3/4	A third part of thee shall die with the pestilence, and with famine shall they be consumed in the midst of thee: and a third part shall fall by the sword round about thee; and I will scatter a third part into all the winds, and I will draw out a sword after them.	A third part of thee shall die with the pestilence, and with famine shall they be consumed in the midst of thee: and a third part shall fall by the sword round about thee; and I will scatter a third part into all the winds, and I will draw out a sword after them.	A third part of thee shall die with the pestilence, and with famine shall they be consumed in the midst of thee: and a third part shall fall by the sword round about thee; and I will scatter a third part into all the winds, and I will draw out a sword after them.	A third part of thee shall die with the pestilence, and with famine shall they be consumed in the midst of thee: and a third part shall fall by the sword round about thee and I will scatter a third part into all the winds, and I will draw out a sword after them.	A third part of thee shall die with the pestilence, and with famine shall they be consumed in the midst of thee: and a third part shall fall by the sword round about thee; and I will scatter a third part into all the winds, and I will draw out a sword after them.
Ezekiel	7	11	plurality 3/4	Violence is risen up into a rod of wickedness: none of them shall remain, nor of their multitude, nor of any of theirs: neither shall there be wailing for them.	Violence is risen up into a rod of wickedness: none of them shall remain, nor of their multitude, nor of any of their's: neither shall there be wailing for them.	Violence is risen up into a rod of wickedness: none of them shall remain, nor of their multitude, nor of any of theirs: neither shall there be wailing for them.	Violence is risen up into a rod of wickedness: none of them shall remain, nor of their multitude, nor of any of theirs: neither shall there be wailing for them.	Violence is risen up into a rod of wickedness: none of them shall remain, nor of their multitude, nor of any of theirs: neither shall there be wailing for them.
Ezekiel	8	14	plurality 2/4	Then he brought me to the door of the gate of the LORD'S house which was toward the north; and, behold, there sat women weeping for Tammuz.	Then he brought me to the door of the gate of the LORD'S house which was toward the north; and, behold, there sat women weeping for Tammuz.	Then he brought me to the door of the gate of the LORD's house which was toward the north; and, behold, there sat women weeping for Tammuz.	Then he brought me to the door of the gate of the LORD'S house which was toward the north; and, behold, there sat women weeping for Tammuz.	Then he brought me to the door of the gate of the Lord's house which was toward the north; and, behold, there sat women weeping for Tammuz.
Ezekiel	8	16	plurality 2/4	And he brought me into the inner court of the LORD'S house, and, behold, at the door of the temple of the LORD, between the porch and the altar, were about five and twenty men, with their backs toward the temple of the LORD, and their faces toward the east; and they worshipped the sun toward the east.	And he brought me into the inner court of the LORD'S house, and, behold, at the door of the temple of the LORD, between the porch and the altar, were about five and twenty men, with their backs toward the temple of the LORD, and their faces toward the east; and they worshipped the sun toward the east.	And he brought me into the inner court of the LORD's house, and, behold, at the door of the temple of the LORD, between the porch and the altar, were about five and twenty men, with their backs toward the temple of the LORD, and their faces toward the east; and they worshipped the sun toward the east.	And he brought me into the inner court of the LORD'S house, and, behold, at the door of the temple of the LORD, between the porch and the altar, were about five and twenty men, with their backs toward the temple of the LORD, and their faces toward the east; and they worshipped the sun toward the east.	And he brought me into the inner court of the Lord's house, and, behold, at the door of the temple of the Lord, between the porch and the altar, were about five and twenty men, with their backs toward the temple of the Lord, and their faces toward the east; and they worshipped the sun toward the east.
Ezekiel	10	4	plurality 2/4	Then the glory of the LORD went up from the cherub, and stood over the threshold of the house; and the house was filled with the cloud, and the court was full of the brightness of the LORD'S glory.	Then the glory of the LORD went up from the cherub, and stood over the threshold of the house; and the house was filled with the cloud, and the court was full of the brightness of the LORD'S glory.	Then the glory of the LORD went up from the cherub, and stood over the threshold of the house; and the house was filled with the cloud, and the court was full of the brightness of the LORD's glory.	Then the glory of the LORD went up from the cherub, and stood over the threshold of the house; and the house was filled with the cloud, and the court was full of the brightness of the LORD'S glory.	Then the glory of the Lord went up from the cherub, and stood over the threshold of the house; and the house was filled with the cloud, and the court was full of the brightness of the Lord's glory.
Ezekiel	10	19	plurality 2/4	And the cherubims lifted up their wings, and mounted up from the earth in my sight: when they went out, the wheels also were beside them, and every one stood at the door of the east gate of the LORD'S house; and the glory of the God of Israel was over them above.	And the cherubims lifted up their wings, and mounted up from the earth in my sight: when they went out, the wheels also were beside them, and every one stood at the door of the east gate of the LORD'S house; and the glory of the God of Israel was over them above.	And the cherubims lifted up their wings, and mounted up from the earth in my sight: when they went out, the wheels also were beside them, and every one stood at the door of the east gate of the LORD's house; and the glory of the God of Israel was over them above.	And the cherubims lifted up their wings, and mounted up from the earth in my sight: when they went out, the wheels also were beside them, and every one stood at the door of the east gate of the LORD'S house; and the glory of the God of Israel was over them above.	And the cherubims lifted up their wings, and mounted up from the earth in my sight: when they went out, the wheels also were beside them, and every one stood at the door of the east gate of the Lord's house; and the glory of the God of Israel was over them above.
Ezekiel	11	1	plurality 1/4	Moreover the spirit lifted me up, and brought me unto the east gate of the LORD'S house, which looketh eastward: and behold at the door of the gate five and twenty men; among whom I saw Jaazaniah the son of Azur, and Pelatiah the son of Benaiah, princes of the people.	Moreover the spirit lifted me up, and brought me unto the east gate of the LORD'S house, which looketh eastward: and behold at the door of the gate five and twenty men; among whom I saw Jaazaniah the son of Azur, and Pelatiah the son of Benaiah, princes of the people.	Moreover the spirit lifted me up, and brought me unto the east gate of the LORD's house, which looketh eastward: and behold at the door of the gate five and twenty men; among whom I saw Jaazaniah the son of Azur, and Pelatiah the son of Benaiah, princes of the people.	Moreover the spirit lifted me up, and brought me unto the east gate of the LORD'S house, which looketh eastward: and behold at the door of the gate five and twenty men; among whom I saw Jaazaniah the son of Azur, and Pelatiah the son of Benaiah, the princes of the people.	Moreover the spirit lifted me up, and brought me unto the east gate of the Lord's house, which looketh eastward: and behold at the door of the gate five and twenty men; among whom I saw Jaazaniah the son of Azur, and Pelatiah the son of Benaiah, princes of the people.
Ezekiel	17	24	plurality 2/4	And all the trees of the field shall know that I the LORD have brought down the high tree, have exalted the low tree, have dried up the green tree, and have made the dry tree to flourish: I the LORD have spoken and have done it.	And all the trees of the field shall know that I the LORD have brought down the high tree, have exalted the low tree, have dried up the green tree, and have made the dry tree to flourish: I the LORD have spoken and have done it.	And all the trees of the field shall know that I the LORD have brought down the high tree, have exalted the low tree, have dried up the green tree, and have made the dry tree to flourish: I the LORD have spoken and have done it.	And all the trees of the field shall know that I the LORD have brought down the high tree, have exalted the low tree, have dried up the green tree, and have made the dry tree to flourish: I the LORD have brought down the high tree, have exalted the low tree, have dried up the green tree, and have made the dry tree to flourish: I the LORD have spoken and have done it.	And all the trees of the field shall know that I the Lord have brought down the high tree, have exalted the low tree, have dried up the green tree, and have made the dry tree to flourish: I the Lord have spoken and have done it.
Ezekiel	20	8	plurality 3/4	But they rebelled against me, and would not hearken unto me: they did not every man cast away the abominations of their eyes, neither did they forsake the idols of Egypt: then I said, I will pour out my fury upon them, to accomplish my anger against them in the midst of the land of Egypt.	But they rebelled against me, and would not hearken unto me: they did not every man cast away the abominations of their eyes, neither did they forsake the idols of Egypt: then I said, I will pour out my fury upon them, to accomplish my anger against them in the midst of the land of Egypt.	But they rebelled against me, and would not hearken unto me: they did not every man cast away the abominations of their eyes, neither did they forsake the idols of Egypt: then I said, I will pour out my fury upon them, to accomplish my anger against them in the midst of the land of Egypt.	But they rebelled against me, and would not hearken unto me: they did not every man cast away the abominations of their eyes, neither did they forsake the idols of Egypt: then I said, I will pour out my fury upon them to accomplish my anger against them in the midst of the land of Egypt.	But they rebelled against me, and would not hearken unto me: they did not every man cast away the abominations of their eyes, neither did they forsake the idols of Egypt: then I said, I will pour out my fury upon them, to accomplish my anger against them in the midst of the land of Egypt.
Ezekiel	24	6	plurality 2/4	Wherefore thus saith the Lord GOD; Woe to the bloody city, to the pot whose scum is therein, and whose scum is not gone out of it! bring it out piece by piece; let no lot fall upon it.	Wherefore thus saith the Lord GOD; Woe to the bloody city, to the pot whose scum is therein, and whose scum is not gone out of it! bring it out piece by piece; let no lot fall upon it.	Wherefore thus saith the Lord GOD; Woe to the bloody city, to the pot whose scum is therein, and whose scum is not gone out of it! bring it out piece by piece; let no lot fall upon it.	Wherefore thus saith the Lord GOD; Woe to the bloody city, to the pot whose scum is therein, and whose scum is not gone out of it! bring it out piece by piece; let no lot fall up on it.	Wherefore thus saith the Lord God; Woe to the bloody city, to the pot whose scum is therein, and whose scum is not gone out of it! bring it out piece by piece; let no lot fall upon it.
Ezekiel	28	23	plurality 2/4	For I will send into her pestilence, and blood into her streets; and the wounded shall be judged in the midst of her by the sword upon her on every side; and they shall know that I am the LORD.	For I will send into her pestilence, and blood into her streets; and the wounded shall be judged in the midst of her by the sword upon her on every side; and they shall know that I am the LORD.	For I will send into her pestilence, and blood into her streets; and the wounded shall be judged in the midst of her by the sword upon her on every side; and they shall know that I am the LORD.	For I will send into her pestilence, and blood into her street; and the wounded shall be judged in the midst of her by the sword upon her on every side; and they shall know that I am the LORD.	For I will send into her pestilence, and blood into her streets; and the wounded shall be judged in the midst of her by the sword upon her on every side; and they shall know that I am the Lord.
Ezekiel	30	2	plurality 2/4	Son of man, prophesy and say, Thus saith the Lord GOD; Howl ye, Woe worth the day!	Son of man, prophesy and say, Thus saith the Lord GOD; Howl ye, Woe worth the day!	Son of man, prophesy and say, Thus saith the Lord GOD; Howl ye, Woe worth the day!	Son of man, prophesy and say, Thus saith the Lord GOD; Howl ye, Woe worth the day	Son of man, prophesy and say, Thus saith the Lord God; Howl ye, Woe worth the day!
Ezekiel	35	10	plurality 2/4	Because thou hast said, These two nations and these two countries shall be mine, and we will possess it; whereas the LORD was there:	Because thou hast said, These two nations and these two countries shall be mine, and we will possess it; whereas the LORD was there:	Because thou hast said, These two nations and these two countries shall be mine, and we will possess it; whereas the LORD was there: was there	Because thou hast said, These two nations and these two countries shall be mine, and we will possess it; whereas the LORD was there:	Because thou hast said, These two nations and these two countries shall be mine, and we will possess it; whereas the Lord was there:
Ezekiel	36	2	plurality 2/4	Thus saith the Lord GOD; Because the enemy hath said against you, Aha, even the ancient high places are ours in possession:	Thus saith the Lord GOD; Because the enemy hath said against you, Aha, even the ancient high places are our's in possession:	Thus saith the Lord GOD; Because the enemy hath said against you, Aha, even the ancient high places are ours in possession:	Thus saith the Lord GOD; Because the enemy hath said against you, Aha, even the ancient high places are ours in possession:	Thus saith the Lord God; Because the enemy hath said against you, Aha, even the ancient high places are ours in possession:
Ezekiel	38	3	plurality 2/4	And say, Thus saith the Lord GOD; Behold, I am against thee, O Gog, the chief prince of Meshech and Tubal:	And say, Thus saith the Lord GOD; Behold, I am against thee, O Gog, the chief prince of Meshech and Tubal:	And say, Thus saith the Lord GOD; Behold, I am against thee, O Gog, the chief prince of Meshech and Tubal:	And say, Thus saith the Lord GOD; Behold I am against thee, O Gog, the chief prince of Meshech and Tubal:	And say, Thus saith the Lord God; Behold, I am against thee, O Gog, the chief prince of Meshech and Tubal:
Ezekiel	44	29	plurality 3/4	They shall eat the meat offering, and the sin offering, and the trespass offering; and every dedicated thing in Israel shall be theirs.	They shall eat the meat offering, and the sin offering, and the trespass offering; and every dedicated thing in Israel shall be their's.	They shall eat the meat offering, and the sin offering, and the trespass offering; and every dedicated thing in Israel shall be theirs.	They shall eat the meat offering, and the sin offering, and the trespass offering; and every dedicated thing in Israel shall be theirs.	They shall eat the meat offering, and the sin offering, and the trespass offering; and every dedicated thing in Israel shall be theirs.
Ezekiel	46	11	plurality 3/4	And in the feasts and in the solemnities the meat offering shall be an ephah to a bullock, and an ephah to a ram, and to the lambs as he is able to give, and an hin of oil to an ephah.	And in the feasts and in the solemnities the meat offering shall be an ephah to a bullock, and an ephah to a ram, and to the lambs as he is able to give, and an hin of oil to an ephah.	And in the feasts and in the solemnities the meat offering shall be an ephah to a bullock, and an ephah to a ram, and to the lambs as he is able to give, and an hin of oil to an ephah.	And in the feasts and in the solemnities the meat offering shall be an ephah to a bullock, and ephah to a ram, and to the lambs as he is able to give, and an hin of oil to an ephah.	And in the feasts and in the solemnities the meat offering shall be an ephah to a bullock, and an ephah to a ram, and to the lambs as he is able to give, and an hin of oil to an ephah.
Ezekiel	47	3	plurality 2/4	And when the man that had the line in his hand went forth eastward, he measured a thousand cubits, and he brought me through the waters; the waters were to the ancles.	And when the man that had the line in his hand went forth eastward, he measured a thousand cubits, and he brought me through the waters; the waters were to the ancles.	And when the man that had the line in his hand went forth eastward, he measured a thousand cubits, and he brought me through the waters; the waters were to the ankles.	And when the man that had the line in his hand went forth eastward, he measured a thousand cubits, and he brought me through the waters; the waters were to the ancles.	And when the man that had the line in his hand went forth eastward, he measured a thousand cubits, and he brought me through the waters; the waters were to the ankles.
Ezekiel	48	35	plurality 2/4	It was round about eighteen thousand measures: and the name of the city from that day shall be, The LORD is there.	It was round about eighteen thousand measures: and the name of the city from that day shall be, The LORD is there.	It was round about eighteen thousand measures: and the name of the city from that day shall be, The LORD is there. …: Heb. Jehovah-shammah	It was round about eighteen thousand measures: and the name of the city from that day shall be, The LORD is there.	It was round about eighteen thousand measures: and the name of the city from that day shall be, The Lord is there.
Daniel	2	25	plurality 3/4	Then Arioch brought in Daniel before the king in haste, and said thus unto him, I have found a man of the captives of Judah, that will make known unto the king the interpretation.	Then Arioch brought in Daniel before the king in haste, and said thus unto him, I have found a man of the captives of Judah, that will make known unto the king the interpretation.	Then Arioch brought in Daniel before the king in haste, and said thus unto him, I have found a man of the captives of Judah, that will make known unto the king the interpretation.	Then Arioch brought in Daniel before the king in haste and said thus unto him, I have found a man of the captives of Judah, that will make known unto the king the interpretation.	Then Arioch brought in Daniel before the king in haste, and said thus unto him, I have found a man of the captives of Judah, that will make known unto the king the interpretation.
Daniel	2	47	plurality 3/4	The king answered unto Daniel, and said, Of a truth it is, that your God is a God of gods, and a Lord of kings, and a revealer of secrets, seeing thou couldest reveal this secret.	The king answered unto Daniel, and said, Of a truth it is, that your God is a God of gods, and a Lord of kings, and a revealer of secrets, seeing thou couldest reveal this secret.	The king answered unto Daniel, and said, Of a truth it is, that your God is a God of gods, and a Lord of kings, and a revealer of secrets, seeing thou couldest reveal this secret.	The king answered unto Daniel, and said, Of a truth it is, that your God is a God of gods, and a Lord of kings, and a revealer of secrets, seeing thou couldst reveal this secret.	The king answered unto Daniel, and said, Of a truth it is, that your God is a God of gods, and a Lord of kings, and a revealer of secrets, seeing thou couldest reveal this secret.
Daniel	4	27	plurality 3/4	Wherefore, O king, let my counsel be acceptable unto thee, and break off thy sins by righteousness, and thine iniquities by shewing mercy to the poor; if it may be a lengthening of thy tranquillity.	Wherefore, O king, let my counsel be acceptable unto thee, and break off thy sins by righteousness, and thine iniquities by shewing mercy to the poor; if it may be a lengthening of thy tranquillity.	Wherefore, O king, let my counsel be acceptable unto thee, and break off thy sins by righteousness, and thine iniquities by shewing mercy to the poor; if it may be a lengthening of thy tranquillity.	Wherefore, O king, let my counsel be acceptable unto thee, and break off thy sins by righteousness, and thine iniquities by shewing mercy to the poor; if it may be a lengthening of thy tranquility.	Wherefore, O king, let my counsel be acceptable unto thee, and break off thy sins by righteousness, and thine iniquities by shewing mercy to the poor; if it may be a lengthening of thy tranquillity.
Daniel	4	33	plurality 3/4	The same hour was the thing fulfilled upon Nebuchadnezzar: and he was driven from men, and did eat grass as oxen, and his body was wet with the dew of heaven, till his hairs were grown like eagles' feathers, and his nails like birds' claws.	The same hour was the thing fulfilled upon Nebuchadnezzar: and he was driven from men, and did eat grass as oxen, and his body was wet with the dew of heaven, till his hairs were grown like eagles' feathers, and his nails like birds' claws.	The same hour was the thing fulfilled upon Nebuchadnezzar: and he was driven from men, and did eat grass as oxen, and his body was wet with the dew of heaven, till his hairs were grown like eagles' feathers, and his nails like birds' claws.	The same hour was the thing fulfilled upon Nebuchadnezzar: and he was driven from men, and did eat grass as oxen, and his body was wet with the dew of heaven, till his hairs were grown like eagles feathers, and his nails like birds' claws.	The same hour was the thing fulfilled upon Nebuchadnezzar: and he was driven from men, and did eat grass as oxen, and his body was wet with the dew of heaven, till his hairs were grown like eagles' feathers, and his nails like birds' claws.
Daniel	6	17	plurality 3/4	And a stone was brought, and laid upon the mouth of the den; and the king sealed it with his own signet, and with the signet of his lords; that the purpose might not be changed concerning Daniel.	And a stone was brought, and laid upon the mouth of the den; and the king sealed it with his own signet, and with the signet of his lords; that the purpose might not be changed concerning Daniel.	And a stone was brought, and laid upon the mouth of the den; and the king sealed it with his own signet, and with the signet of his lords; that the purpose might not be changed concerning Daniel.	And a stone was brought and laid upon the mouth of the den; and the king sealed it with his own signet, and with the signet of his lords; that the purpose might not be changed concerning Daniel.	And a stone was brought, and laid upon the mouth of the den; and the king sealed it with his own signet, and with the signet of his lords; that the purpose might not be changed concerning Daniel.
Daniel	6	22	plurality 3/4	My God hath sent his angel, and hath shut the lions' mouths, that they have not hurt me: forasmuch as before him innocency was found in me; and also before thee, O king, have I done no hurt.	My God hath sent his angel, and hath shut the lions' mouths, that they have not hurt me: forasmuch as before him innocency was found in me; and also before thee, O king, have I done no hurt.	My God hath sent his angel, and hath shut the lions' mouths, that they have not hurt me: forasmuch as before him innocency was found in me; and also before thee, O king, have I done no hurt.	My God hath sent his angel, and hath shut the lions mouths, that they have not hurt me: forasmuch as before him innocency was found in me; and also before thee, O king, have I done no hurt.	My God hath sent his angel, and hath shut the lions' mouths, that they have not hurt me: forasmuch as before him innocency was found in me; and also before thee, O king, have I done no hurt.
Hosea	2	1	plurality 2/4	Say ye unto your brethren, Ammi; and to your sisters, Ru-hamah.	Say ye unto your brethren, Ammi; and to your sisters, Ruhamah.	Say ye unto your brethren, Ammi; and to your sisters, Ru-hamah.	Say ye unto your brethren, Ammi; and to your sisters, Ru-hamah.	Say ye unto your brethren, Ammi; and to your sisters, Ru–hamah.
Hosea	9	3	plurality 2/4	They shall not dwell in the LORD'S land; but Ephraim shall return to Egypt, and they shall eat unclean things in Assyria.	They shall not dwell in the LORD'S land; but Ephraim shall return to Egypt, and they shall eat unclean things in Assyria.	They shall not dwell in the LORD's land; but Ephraim shall return to Egypt, and they shall eat unclean things in Assyria.	They shall not dwell in the LORD'S land; but Ephraim shall return to Egypt, and they shall eat unclean things in Assyria.	They shall not dwell in the Lord's land; but Ephraim shall return to Egypt, and they shall eat unclean things in Assyria.
Hosea	10	15	plurality 2/4	So shall Beth-el do unto you because of your great wickedness: in a morning shall the king of Israel utterly be cut off.	So shall Beth-el do unto you because of your great wickedness: in a morning shall the king of Israel utterly be cut off.	So shall Beth-el do unto you because of your great wickedness: in a morning shall the king of Israel utterly be cut off.	So shall Bethel do unto you because of your great wickedness: in a morning shall the king of Israel utterly be cut off.	So shall Beth–el do unto you because of your great wickedness: in a morning shall the king of Israel utterly be cut off.
Hosea	12	4	plurality 2/4	Yea, he had power over the angel, and prevailed: he wept, and made supplication unto him: he found him in Beth-el, and there he spake with us;	Yea, he had power over the angel, and prevailed: he wept, and made supplication unto him: he found him in Beth-el, and there he spake with us;	Yea, he had power over the angel, and prevailed: he wept, and made supplication unto him: he found him in Beth-el, and there he spake with us;	Yea, he had power over the angel, and prevailed: he wept, and made supplication unto him: he found him in Bethel, and there he spake with us;	Yea, he had power over the angel, and prevailed: he wept, and made supplication unto him: he found him in Beth–el, and there he spake with us;
Joel	1	9	plurality 2/4	The meat offering and the drink offering is cut off from the house of the LORD; the priests, the LORD'S ministers, mourn.	The meat offering and the drink offering is cut off from the house of the LORD; the priests, the LORD'S ministers, mourn.	The meat offering and the drink offering is cut off from the house of the LORD; the priests, the LORD's ministers, mourn.	The meat offering and the drink offering is cut off from the house of the LORD; the priests, the LORD'S ministers, mourn.	The meat offering and the drink offering is cut off from the house of the Lord; the priests, the Lord's ministers, mourn.
Joel	2	24	plurality 3/4	And the floors shall be full of wheat, and the fats shall overflow with wine and oil.	And the floors shall be full of wheat, and the fats shall overflow with wine and oil.	And the floors shall be full of wheat, and the fats shall overflow with wine and oil.	And the floors shall be full of wheat, and the vats shall overflow with wine and oil.	And the floors shall be full of wheat, and the fats shall overflow with wine and oil.
Joel	3	11	plurality 2/4	Assemble yourselves, and come, all ye heathen, and gather yourselves together round about: thither cause thy mighty ones to come down, O LORD.	Assemble yourselves, and come, all ye heathen, and gather yourselves together round about: thither cause thy mighty ones to come down, O LORD.	Assemble yourselves, and come, all ye heathen, and gather yourselves together round about: thither cause thy mighty ones to come down, O LORD. shall bring down	Assemble yourselves, and come, all ye heathen, and gather yourselves together round about: thither cause thy mighty ones to come down, O LORD.	Assemble yourselves, and come, all ye heathen, and gather yourselves together round about: thither cause thy mighty ones to come down, O Lord.
Joel	3	21	plurality 2/4	For I will cleanse their blood that I have not cleansed: for the LORD dwelleth in Zion.	For I will cleanse their blood that I have not cleansed: for the LORD dwelleth in Zion.	For I will cleanse their blood that I have not cleansed: for the LORD dwelleth in Zion. that	For I will cleanse their blood that I have not cleansed: for the LORD dwelleth in Zion.	For I will cleanse their blood that I have not cleansed: for the Lord dwelleth in Zion.
Amos	2	2	plurality 3/4	But I will send a fire upon Moab, and it shall devour the palaces of Kerioth: and Moab shall die with tumult, with shouting, and with the sound of the trumpet:	But I will send a fire upon Moab, and it shall devour the palaces of Kerioth: and Moab shall die with tumult, with shouting, and with the sound of the trumpet:	But I will send a fire upon Moab, and it shall devour the palaces of Kerioth: and Moab shall die with tumult, with shouting, and with the sound of the trumpet:	But I will send a fire upon Moab, and it shall devour the palaces of Kirioth: and Moab shall die with tumult, with shouting, and with the sound of the trumpet:	But I will send a fire upon Moab, and it shall devour the palaces of Kerioth: and Moab shall die with tumult, with shouting, and with the sound of the trumpet:
Amos	3	6	plurality 2/4	Shall a trumpet be blown in the city, and the people not be afraid? shall there be evil in a city, and the LORD hath not done it?	Shall a trumpet be blown in the city, and the people not be afraid? shall there be evil in a city, and the LORD hath not done it?	Shall a trumpet be blown in the city, and the people not be afraid? shall there be evil in a city, and the LORD hath not done it? …: or, shall not the LORD do somewhat?	Shall a trumpet be blown in the city, and the people not be afraid? shall there be evil in a city, and the LORD hath not done it?	Shall a trumpet be blown in the city, and the people not be afraid? shall there be evil in a city, and the Lord hath not done it?
Amos	3	14	plurality 2/4	That in the day that I shall visit the transgressions of Israel upon him I will also visit the altars of Beth-el: and the horns of the altar shall be cut off, and fall to the ground.	That in the day that I shall visit the transgressions of Israel upon him I will also visit the altars of Beth-el: and the horns of the altar shall be cut off, and fall to the ground.	That in the day that I shall visit the transgressions of Israel upon him I will also visit the altars of Beth-el: and the horns of the altar shall be cut off, and fall to the ground.	That in the day that I shall visit the transgressions of Israel upon him I will also visit the altars of Bethel: and the horns of the altar shall be cut off, and fall to the ground.	That in the day that I shall visit the transgressions of Israel upon him I will also visit the altars of Beth–el: and the horns of the altar shall be cut off, and fall to the ground.
Amos	4	4	plurality 2/4	Come to Beth-el, and transgress; at Gilgal multiply transgression; and bring your sacrifices every morning, and your tithes after three years:	Come to Beth-el, and transgress; at Gilgal multiply transgression; and bring your sacrifices every morning, and your tithes after three years:	Come to Beth-el, and transgress; at Gilgal multiply transgression; and bring your sacrifices every morning, and your tithes after three years:	Come to Bethel, and transgress; at Gilgal multiply transgression; and bring your sacrifices every morning, and your tithes after three years:	Come to Beth–el, and transgress; at Gilgal multiply transgression; and bring your sacrifices every morning, and your tithes after three years:
Amos	5	5	plurality 2/4	But seek not Beth-el, nor enter into Gilgal, and pass not to Beer-sheba: for Gilgal shall surely go into captivity, and Beth-el shall come to nought.	But seek not Beth-el, nor enter into Gilgal, and pass not to Beer-sheba: for Gilgal shall surely go into captivity, and Beth-el shall come to nought.	But seek not Beth-el, nor enter into Gilgal, and pass not to Beer-sheba: for Gilgal shall surely go into captivity, and Beth-el shall come to nought.	But seek not Bethel, nor enter into Gilgal, and pass not to Beer-sheba: for Gilgal shall surely go into captivity, and Bethel shall come to nought.	But seek not Beth–el, nor enter into Gilgal, and pass not to Beer–sheba: for Gilgal shall surely go into captivity, and Beth–el shall come to nought.
Amos	5	6	plurality 2/4	Seek the LORD, and ye shall live; lest he break out like fire in the house of Joseph, and devour it, and there be none to quench it in Beth-el.	Seek the LORD, and ye shall live; lest he break out like fire in the house of Joseph, and devour it, and there be none to quench it in Beth-el.	Seek the LORD, and ye shall live; lest he break out like fire in the house of Joseph, and devour it, and there be none to quench it in Beth-el.	Seek the LORD, and ye shall live; lest he break out like fire in the house of Joseph, and devour it, and there be none to quench it in Bethel.	Seek the Lord, and ye shall live; lest he break out like fire in the house of Joseph, and devour it, and there be none to quench it in Beth–el.
Amos	7	10	plurality 2/4	Then Amaziah the priest of Beth-el sent to Jeroboam king of Israel, saying, Amos hath conspired against thee in the midst of the house of Israel: the land is not able to bear all his words.	Then Amaziah the priest of Beth-el sent to Jeroboam king of Israel, saying, Amos hath conspired against thee in the midst of the house of Israel: the land is not able to bear all his words.	Then Amaziah the priest of Beth-el sent to Jeroboam king of Israel, saying, Amos hath conspired against thee in the midst of the house of Israel: the land is not able to bear all his words.	Then Amaziah the priest of Bethel sent to Jeroboam king of Israel, saying, Amos hath conspired against thee in the midst of the house of Israel: the land is not able to bear all his words.	Then Amaziah the priest of Beth–el sent to Jeroboam king of Israel, saying, Amos hath conspired against thee in the midst of the house of Israel: the land is not able to bear all his words.
Amos	7	13	plurality 2/4	But prophesy not again any more at Beth-el: for it is the king's chapel, and it is the king's court.	But prophesy not again any more at Beth-el: for it is the king's chapel, and it is the king's court.	But prophesy not again any more at Beth-el: for it is the king's chapel, and it is the king's court.	But prophesy not again any more at Bethel: for it is the king's chapel, and it is the king's court.	But prophesy not again any more at Beth–el: for it is the king's chapel, and it is the king's court.
Amos	9	1	plurality 3/4	I saw the Lord standing upon the altar: and he said, Smite the lintel of the door, that the posts may shake: and cut them in the head, all of them; and I will slay the last of them with the sword: he that fleeth of them shall not flee away, and he that escapeth of them shall not be delivered.	I saw the Lord standing upon the altar: and he said, Smite the lintel of the door, that the posts may shake: and cut them in the head, all of them; and I will slay the last of them with the sword: he that fleeth of them shall not flee away, and he that escapeth of them shall not be delivered.	I saw the Lord standing upon the altar: and he said, Smite the lintel of the door, that the posts may shake: and cut them in the head, all of them; and I will slay the last of them with the sword: he that fleeth of them shall not flee away, and he that escapeth of them shall not be delivered.	I saw the LORD standing upon the altar: and he said, Smite the lintel of the door, that the posts may shake: and cut them in the head, all of them; and I will slay the last of them with the sword: he that fleeth of them shall not flee away, and he that escapeth of them shall not be delivered.	I saw the Lord standing upon the altar: and he said, Smite the lintel of the door, that the posts may shake: and cut them in the head, all of them; and I will slay the last of them with the sword: he that fleeth of them shall not flee away, and he that escapeth of them shall not be delivered.
Obadiah	1	21	plurality 2/4	And saviours shall come up on mount Zion to judge the mount of Esau; and the kingdom shall be the LORD'S.	And saviours shall come up on mount Zion to judge the mount of Esau; and the kingdom shall be the LORD'S.	And saviours shall come up on mount Zion to judge the mount of Esau; and the kingdom shall be the LORD's.	And saviours shall come up on mount Zion to judge the mount of Esau; and the kingdom shall be the LORD'S.	And saviours shall come up on mount Zion to judge the mount of Esau; and the kingdom shall be the Lord's.
Jonah	1	9	plurality 2/4	And he said unto them, I am an Hebrew; and I fear the LORD, the God of heaven, which hath made the sea and the dry land.	And he said unto them, I am an Hebrew; and I fear the LORD, the God of heaven, which hath made the sea and the dry land.	And he said unto them, I am an Hebrew; and I fear the LORD, the God of heaven, which hath made the sea and the dry land.: or, JEHOVAH	And he said unto them, I am an Hebrew; and I fear the LORD, the God of heaven, which hath made the sea and the dry land.	And he said unto them, I am an Hebrew; and I fear the Lord, the God of heaven, which hath made the sea and the dry land.
Jonah	1	16	plurality 2/4	Then the men feared the LORD exceedingly, and offered a sacrifice unto the LORD, and made vows.	Then the men feared the LORD exceedingly, and offered a sacrifice unto the LORD, and made vows.	Then the men feared the LORD exceedingly, and offered a sacrifice unto the LORD, and made vows., and vowed vows	Then the men feared the LORD exceedingly, and offered a sacrifice unto the LORD, and made vows.	Then the men feared the Lord exceedingly, and offered a sacrifice unto the Lord, and made vows.
Micah	5	2	plurality 2/4	But thou, Beth-lehem Ephratah, though thou be little among the thousands of Judah, yet out of thee shall he come forth unto me that is to be ruler in Israel; whose goings forth have been from of old, from everlasting.	But thou, Beth-lehem Ephratah, though thou be little among the thousands of Judah, yet out of thee shall he come forth unto me that is to be ruler in Israel; whose goings forth have been from of old, from everlasting.	But thou, Beth-lehem Ephratah, though thou be little among the thousands of Judah, yet out of thee shall he come forth unto me that is to be ruler in Israel; whose goings forth have been from of old, from everlasting.	But thou, Bethlehem Ephratah, though thou be little among the thousands of Judah, yet out of thee shall he come forth unto me that is to be ruler in Israel; whose goings forth have been from of old, from everlasting.	But thou, Beth–lehem Ephratah, though thou be little among the thousands of Judah, yet out of thee shall he come forth unto me that is to be ruler in Israel; whose goings forth have been from of old, from everlasting.
Micah	6	2	plurality 2/4	Hear ye, O mountains, the LORD'S controversy, and ye strong foundations of the earth: for the LORD hath a controversy with his people, and he will plead with Israel.	Hear ye, O mountains, the LORD'S controversy, and ye strong foundations of the earth: for the LORD hath a controversy with his people, and he will plead with Israel.	Hear ye, O mountains, the LORD's controversy, and ye strong foundations of the earth: for the LORD hath a controversy with his people, and he will plead with Israel.	Hear ye, O mountains, the LORD'S controversy, and ye strong foundations of the earth: for the LORD hath a controversy with his people, and he will plead with Israel.	Hear ye, O mountains, the Lord's controversy, and ye strong foundations of the earth: for the Lord hath a controversy with his people, and he will plead with Israel.
Micah	6	9	plurality 2/4	The LORD'S voice crieth unto the city, and the man of wisdom shall see thy name: hear ye the rod, and who hath appointed it.	The LORD'S voice crieth unto the city, and the man of wisdom shall see thy name: hear ye the rod, and who hath appointed it.	The LORD's voice crieth unto the city, and the man of wisdom shall see thy name: hear ye the rod, and who hath appointed it.	The LORD'S voice crieth unto the city, and the man of wisdom shall see thy name: hear ye the rod, and who hath appointed it.	The Lord's voice crieth unto the city, and the man of wisdom shall see thy name: hear ye the rod, and who hath appointed it.
Nahum	1	2	plurality 2/4	God is jealous, and the LORD revengeth; the LORD revengeth, and is furious; the LORD will take vengeance on his adversaries, and he reserveth wrath for his enemies.	God is jealous, and the LORD revengeth; the LORD revengeth, and is furious; the LORD will take vengeance on his adversaries, and he reserveth wrath for his enemies.	God is jealous, and the LORD revengeth; the LORD revengeth, and is furious; the LORD will take vengeance on his adversaries, and he reserveth wrath for his enemies. is a jealous God, and a revenger, etc	God is jealous, and the LORD revengeth; the LORD revengeth, and is furious; the LORD will take vengeance on his adversaries, and he reserveth wrath for his enemies.	God is jealous, and the Lord revengeth; the Lord revengeth, and is furious; the Lord will take vengeance on his adversaries, and he reserveth wrath for his enemies.
Nahum	1	12	plurality 2/4	Thus saith the LORD; Though they be quiet, and likewise many, yet thus shall they be cut down, when he shall pass through. Though I have afflicted thee, I will afflict thee no more.	Thus saith the LORD; Though they be quiet, and likewise many, yet thus shall they be cut down, when he shall pass through. Though I have afflicted thee, I will afflict thee no more.	Thus saith the LORD; Though they be quiet, and likewise many, yet thus shall they be cut down, when he shall pass through. Though I have afflicted thee, I will afflict thee no more.	Thus saith the LORD: Though they be quiet, and likewise many, yet thus shall they be cut down, when he shall pass through. Though I have afflicted thee, I will afflict thee no more.	Thus saith the Lord; Though they be quiet, and likewise many, yet thus shall they be cut down, when he shall pass through. Though I have afflicted thee, I will afflict thee no more.
Nahum	2	11	plurality 3/4	Where is the dwelling of the lions, and the feedingplace of the young lions, where the lion, even the old lion, walked, and the lion's whelp, and none made them afraid?	Where is the dwelling of the lions, and the feedingplace of the young lions, where the lion, even the old lion, walked, and the lion's whelp, and none made them afraid?	Where is the dwelling of the lions, and the feedingplace of the young lions, where the lion, even the old lion, walked, and the lion's whelp, and none made them afraid?	Where is the dwelling of the lions, and the feeding place of the young lions, where the lion, even the old lion, walked, and the lion's whelp, and none made them afraid?	Where is the dwelling of the lions, and the feedingplace of the young lions, where the lion, even the old lion, walked, and the lion's whelp, and none made them afraid?
Nahum	3	16	plurality 3/4	Thou hast multiplied thy merchants above the stars of heaven: the cankerworm spoileth, and flieth away.	Thou hast multiplied thy merchants above the stars of heaven: the cankerworm spoileth, and flieth away.	Thou hast multiplied thy merchants above the stars of heaven: the cankerworm spoileth, and flieth away.	Thou hast multiplied thy merchants above the stars of heaven: the cankerworm spoileth, and fleeth away.	Thou hast multiplied thy merchants above the stars of heaven: the cankerworm spoileth, and flieth away.
Habakkuk	1	6	plurality 3/4	For, lo, I raise up the Chaldeans, that bitter and hasty nation, which shall march through the breadth of the land, to possess the dwellingplaces that are not theirs.	For, lo, I raise up the Chaldeans, that bitter and hasty nation, which shall march through the breadth of the land, to possess the dwellingplaces that are not their's.	For, lo, I raise up the Chaldeans, that bitter and hasty nation, which shall march through the breadth of the land, to possess the dwellingplaces that are not theirs.	For, lo, I raise up the Chaldeans, that bitter and hasty nation, which shall march through the breadth of the land, to possess the dwellingplaces that are not theirs.	For, lo, I raise up the Chaldeans, that bitter and hasty nation, which shall march through the breadth of the land, to possess the dwellingplaces that are not theirs.
Habakkuk	2	16	plurality 2/4	Thou art filled with shame for glory: drink thou also, and let thy foreskin be uncovered: the cup of the LORD'S right hand shall be turned unto thee, and shameful spewing shall be on thy glory.	Thou art filled with shame for glory: drink thou also, and let thy foreskin be uncovered: the cup of the LORD'S right hand shall be turned unto thee, and shameful spewing shall be on thy glory.	Thou art filled with shame for glory: drink thou also, and let thy foreskin be uncovered: the cup of the LORD's right hand shall be turned unto thee, and shameful spewing shall be on thy glory.	Thou art filled with shame for glory: drink thou also, and let thy foreskin be uncovered: the cup of the LORD'S right hand shall be turned unto thee, and shameful spewing shall be on thy glory.	Thou art filled with shame for glory: drink thou also, and let thy foreskin be uncovered: the cup of the Lord's right hand shall be turned unto thee, and shameful spewing shall be on thy glory.
Zephaniah	1	8	plurality 2/4	And it shall come to pass in the day of the LORD'S sacrifice, that I will punish the princes, and the king's children, and all such as are clothed with strange apparel.	And it shall come to pass in the day of the LORD'S sacrifice, that I will punish the princes, and the king's children, and all such as are clothed with strange apparel.	And it shall come to pass in the day of the LORD's sacrifice, that I will punish the princes, and the king's children, and all such as are clothed with strange apparel.	And it shall come to pass in the day of the LORD'S sacrifice, that I will punish the princes, and the king's children, and all such as are clothed with strange apparel.	And it shall come to pass in the day of the Lord's sacrifice, that I will punish the princes, and the king's children, and all such as are clothed with strange apparel.
Zephaniah	1	18	plurality 2/4	Neither their silver nor their gold shall be able to deliver them in the day of the LORD'S wrath; but the whole land shall be devoured by the fire of his jealousy: for he shall make even a speedy riddance of all them that dwell in the land.	Neither their silver nor their gold shall be able to deliver them in the day of the LORD'S wrath; but the whole land shall be devoured by the fire of his jealousy: for he shall make even a speedy riddance of all them that dwell in the land.	Neither their silver nor their gold shall be able to deliver them in the day of the LORD's wrath; but the whole land shall be devoured by the fire of his jealousy: for he shall make even a speedy riddance of all them that dwell in the land.	Neither their silver nor their gold shall be able to deliver them in the day of the LORD'S wrath; but the whole land shall be devoured by the fire of his jealousy: for he shall make even a speedy riddance of all them that dwell in the land.	Neither their silver nor their gold shall be able to deliver them in the day of the Lord's wrath; but the whole land shall be devoured by the fire of his jealousy: for he shall make even a speedy riddance of all them that dwell in the land.
Zephaniah	2	2	plurality 2/4	Before the decree bring forth, before the day pass as the chaff, before the fierce anger of the LORD come upon you, before the day of the LORD'S anger come upon you.	Before the decree bring forth, before the day pass as the chaff, before the fierce anger of the LORD come upon you, before the day of the LORD'S anger come upon you.	Before the decree bring forth, before the day pass as the chaff, before the fierce anger of the LORD come upon you, before the day of the LORD's anger come upon you.	Before the decree bring forth, before the day pass as the chaff, before the fierce anger of the LORD come upon you, before the day of the LORD'S anger come upon you.	Before the decree bring forth, before the day pass as the chaff, before the fierce anger of the Lord come upon you, before the day of the Lord's anger come upon you.
Zephaniah	2	3	plurality 2/4	Seek ye the LORD, all ye meek of the earth, which have wrought his judgment; seek righteousness, seek meekness: it may be ye shall be hid in the day of the LORD'S anger.	Seek ye the LORD, all ye meek of the earth, which have wrought his judgment; seek righteousness, seek meekness: it may be ye shall be hid in the day of the LORD'S anger.	Seek ye the LORD, all ye meek of the earth, which have wrought his judgment; seek righteousness, seek meekness: it may be ye shall be hid in the day of the LORD's anger.	Seek ye the LORD, all ye meek of the earth, which have wrought his judgment; seek righteousness, seek meekness: it may be ye shall be hid in the day of the LORD'S anger.	Seek ye the Lord, all ye meek of the earth, which have wrought his judgment; seek righteousness, seek meekness: it may be ye shall be hid in the day of the Lord's anger.
Zephaniah	2	4	plurality 3/4	For Gaza shall be forsaken, and Ashkelon a desolation: they shall drive out Ashdod at the noon day, and Ekron shall be rooted up.	For Gaza shall be forsaken, and Ashkelon a desolation: they shall drive out Ashdod at the noon day, and Ekron shall be rooted up.	For Gaza shall be forsaken, and Ashkelon a desolation: they shall drive out Ashdod at the noon day, and Ekron shall be rooted up.	For Gaza shall be forsaken, and Ashkelon a desolation: they shall drive out Ashdod at the noonday, and Ekron shall be rooted up.	For Gaza shall be forsaken, and Ashkelon a desolation: they shall drive out Ashdod at the noon day, and Ekron shall be rooted up.
Zephaniah	2	7	plurality 2/4	And the coast shall be for the remnant of the house of Judah; they shall feed thereupon: in the houses of Ashkelon shall they lie down in the evening: for the LORD their God shall visit them, and turn away their captivity.	And the coast shall be for the remnant of the house of Judah; they shall feed thereupon: in the houses of Ashkelon shall they lie down in the evening: for the LORD their God shall visit them, and turn away their captivity.	And the coast shall be for the remnant of the house of Judah; they shall feed thereupon: in the houses of Ashkelon shall they lie down in the evening: for the LORD their God shall visit them, and turn away their captivity.: or, when, etc	And the coast shall be for the remnant of the house of Judah; they shall feed thereupon: in the houses of Ashkelon shall they lie down in the evening: for the LORD their God shall visit them, and turn away their captivity.	And the coast shall be for the remnant of the house of Judah; they shall feed thereupon: in the houses of Ashkelon shall they lie down in the evening: for the Lord their God shall visit them, and turn away their captivity.
Haggai	1	2	plurality 2/4	Thus speaketh the LORD of hosts, saying, This people say, The time is not come, the time that the LORD'S house should be built.	Thus speaketh the LORD of hosts, saying, This people say, The time is not come, the time that the LORD'S house should be built.	Thus speaketh the LORD of hosts, saying, This people say, The time is not come, the time that the LORD's house should be built.	Thus speaketh the LORD of hosts, saying, This people say, The time is not come, the time that the LORD'S house should be built.	Thus speaketh the Lord of hosts, saying, This people say, The time is not come, the time that the Lord's house should be built.
Haggai	1	13	plurality 2/4	Then spake Haggai the LORD'S messenger in the LORD'S message unto the people, saying, I am with you, saith the LORD.	Then spake Haggai the LORD'S messenger in the LORD'S message unto the people, saying, I am with you, saith the LORD.	Then spake Haggai the LORD's messenger in the LORD's message unto the people, saying, I am with you, saith the LORD.	Then spake Haggai the LORD'S messenger in the LORD'S message unto the people, saying, I am with you, saith the LORD.	Then spake Haggai the Lord's messenger in the Lord's message unto the people, saying, I am with you, saith the Lord.
Haggai	2	18	plurality 2/4	Consider now from this day and upward, from the four and twentieth day of the ninth month, even from the day that the foundation of the LORD'S temple was laid, consider it.	Consider now from this day and upward, from the four and twentieth day of the ninth month, even from the day that the foundation of the LORD'S temple was laid, consider it.	Consider now from this day and upward, from the four and twentieth day of the ninth month, even from the day that the foundation of the LORD's temple was laid, consider it.	Consider now from this day and upward, from the four and twentieth day of the ninth month, even from the day that the foundation of the LORD'S temple was laid, consider it.	Consider now from this day and upward, from the four and twentieth day of the ninth month, even from the day that the foundation of the Lord's temple was laid, consider it.
Zechariah	4	10	plurality 2/4	For who hath despised the day of small things? for they shall rejoice, and shall see the plummet in the hand of Zerubbabel with those seven; they are the eyes of the LORD, which run to and fro through the whole earth.	For who hath despised the day of small things? for they shall rejoice, and shall see the plummet in the hand of Zerubbabel with those seven; they are the eyes of the LORD, which run to and fro through the whole earth.	For who hath despised the day of small things? for they shall rejoice, and shall see the plummet in the hand of Zerubbabel with those seven; they are the eyes of the LORD, which run to and fro through the whole earth. shall rejoice	For who hath despised the day of small things? for they shall rejoice, and shall see the plummet in the hand of Zerubbabel with those seven; they are the eyes of the LORD, which run to and fro through the whole earth.	For who hath despised the day of small things? for they shall rejoice, and shall see the plummet in the hand of Zerubbabel with those seven; they are the eyes of the Lord, which run to and fro through the whole earth.
Zechariah	4	14	plurality 3/4	Then said he, These are the two anointed ones, that stand by the Lord of the whole earth.	Then said he, These are the two anointed ones, that stand by the Lord of the whole earth.	Then said he, These are the two anointed ones, that stand by the Lord of the whole earth.	Then said he, These are the two anointed ones, that stand by the LORD of the whole earth.	Then said he, These are the two anointed ones, that stand by the Lord of the whole earth.
Zechariah	9	10	plurality 3/4	And I will cut off the chariot from Ephraim, and the horse from Jerusalem, and the battle bow shall be cut off: and he shall speak peace unto the heathen: and his dominion shall be from sea even to sea, and from the river even to the ends of the earth.	And I will cut off the chariot from Ephraim, and the horse from Jerusalem, and the battle bow shall be cut off: and he shall speak peace unto the heathen: and his dominion shall be from sea even to sea, and from the river even to the ends of the earth.	And I will cut off the chariot from Ephraim, and the horse from Jerusalem, and the battle bow shall be cut off: and he shall speak peace unto the heathen: and his dominion shall be from sea even to sea, and from the river even to the ends of the earth.	And I will cut off the chariot from Ephraim, and the horse from Jerusalem, and the battle bow shall be cut off: and he shall speak peace unto the heathen: and his dominion shall be from sea even to sea, and from river even to the ends of the earth.	And I will cut off the chariot from Ephraim, and the horse from Jerusalem, and the battle bow shall be cut off: and he shall speak peace unto the heathen: and his dominion shall be from sea even to sea, and from the river even to the ends of the earth.
Zechariah	9	14	plurality 2/4	And the LORD shall be seen over them, and his arrow shall go forth as the lightning: and the Lord GOD shall blow the trumpet, and shall go with whirlwinds of the south.	And the LORD shall be seen over them, and his arrow shall go forth as the lightning: and the Lord GOD shall blow the trumpet, and shall go with whirlwinds of the south.	And the LORD shall be seen over them, and his arrow shall go forth as the lightning: and the Lord GOD shall blow the trumpet, and shall go with whirlwinds of the south.	And the LORD shall be seen over them, and his arrow shall go forth as the lightning: and the LORD GOD shall blow the trumpet, and shall go with whirlwinds of the south.	And the Lord shall be seen over them, and his arrow shall go forth as the lightning: and the Lord God shall blow the trumpet, and shall go with whirlwinds of the south.
Zechariah	14	20	plurality 2/4	In that day shall there be upon the bells of the horses, HOLINESS UNTO THE LORD; and the pots in the LORD'S house shall be like the bowls before the altar.	In that day shall there be upon the bells of the horses, HOLINESS UNTO THE LORD; and the pots in the LORD'S house shall be like the bowls before the altar.	In that day shall there be upon the bells of the horses, HOLINESS UNTO THE LORD; and the pots in the LORD's house shall be like the bowls before the altar.	In that day shall there be upon the bells of the horses, HOLINESS UNTO THE LORD; and the pots in the LORD'S house shall be like the bowls before the altar.	In that day shall there be upon the bells of the horses, HOLINESS UNTO THE LORD; and the pots in the Lord's house shall be like the bowls before the altar.
Malachi	1	14	plurality 2/4	But cursed be the deceiver, which hath in his flock a male, and voweth, and sacrificeth unto the Lord a corrupt thing: for I am a great King, saith the LORD of hosts, and my name is dreadful among the heathen.	But cursed be the deceiver, which hath in his flock a male, and voweth, and sacrificeth unto the Lord a corrupt thing: for I am a great King, saith the LORD of hosts, and my name is dreadful among the heathen.	But cursed be the deceiver, which hath in his flock a male, and voweth, and sacrificeth unto the Lord a corrupt thing: for I am a great King, saith the LORD of hosts, and my name is dreadful among the heathen.	But cursed be the deceiver, which hath in his flock a male, and voweth, and sacrificeth unto the LORD a corrupt thing: for I am a great King, saith the LORD of hosts, and my name is dreadful among the heathen.	But cursed be the deceiver, which hath in his flock a male, and voweth, and sacrificeth unto the Lord a corrupt thing: for I am a great King, saith the Lord of hosts, and my name is dreadful among the heathen.
Malachi	3	2	plurality 2/4	But who may abide the day of his coming? and who shall stand when he appeareth? for he is like a refiner's fire, and like fullers' sope:	But who may abide the day of his coming? and who shall stand when he appeareth? for he is like a refiner's fire, and like fullers' sope:	But who may abide the day of his coming? and who shall stand when he appeareth? for he is like a refiner's fire, and like fullers' soap:	But who may abide the day of his coming? and who shall stand when he appeareth? for he is like a refiner's fire, and like fullers' sope:	But who may abide the day of his coming? and who shall stand when he appeareth? for he is like a refiner's fire, and like fullers' soap:
Matthew	5	3	plurality 3/4	Blessed are the poor in spirit: for theirs is the kingdom of heaven.	Blessed are the poor in spirit: for their's is the kingdom of heaven.	Blessed are the poor in spirit: for theirs is the kingdom of heaven.	Blessed are the poor in spirit: for theirs is the kingdom of heaven.	Blessed are the poor in spirit: for theirs is the kingdom of heaven.
Matthew	5	10	plurality 2/4	Blessed are they which are persecuted for righteousness' sake: for theirs is the kingdom of heaven.	Blessed are they which are persecuted for righteousness' sake: for their's is the kingdom of heaven.	Blessed are they which are persecuted for righteousness' sake: for theirs is the kingdom of heaven.	Blessed are they which are persecuted for righteousness sake: for theirs is the kingdom of heaven.	Blessed are they which are persecuted for righteousness' sake: for theirs is the kingdom of heaven.
Matthew	5	30	plurality 3/4	And if thy right hand offend thee, cut it off, and cast it from thee: for it is profitable for thee that one of thy members should perish, and not that thy whole body should be cast into hell.	And if thy right hand offend thee, cut it off, and cast it from thee: for it is profitable for thee that one of thy members should perish, and not that thy whole body should be cast into hell.	And if thy right hand offend thee, cut it off, and cast it from thee: for it is profitable for thee that one of thy members should perish, and not that thy whole body should be cast into hell.	And if thy right hand offend thee, cut if off, and cast it from thee: for it is profitable for thee that one of thy members should perish, and not that thy whole body should be cast into hell.	And if thy right hand offend thee, cut it off, and cast it from thee: for it is profitable for thee that one of thy members should perish, and not that thy whole body should be cast into hell.
Matthew	15	39	plurality 3/4	And he sent away the multitude, and took ship, and came into the coasts of Magdala.	And he sent away the multitude, and took ship, and came into the coasts of Magdala.	And he sent away the multitude, and took ship, and came into the coasts of Magdala.	And he sent away the multitude, and took ship, and came into the coasts of Magdala,	And he sent away the multitude, and took ship, and came into the coasts of Magdala.
Matthew	16	17	plurality 2/4	And Jesus answered and said unto him, Blessed art thou, Simon Bar-jona: for flesh and blood hath not revealed it unto thee, but my Father which is in heaven.	And Jesus answered and said unto him, Blessed art thou, Simon Bar-jona: for flesh and blood hath not revealed it unto thee, but my Father which is in heaven.	And Jesus answered and said unto him, Blessed art thou, Simon Bar-jona: for flesh and blood hath not revealed it unto thee, but my Father which is in heaven.	And Jesus answered and said unto him, Blessed art thou, Simon Barjona: for flesh and blood hath not revealed it unto thee, but my Father which is in heaven.	And Jesus answered and said unto him, Blessed art thou, Simon Bar–jona: for flesh and blood hath not revealed it unto thee, but my Father which is in heaven.
Matthew	26	39	plurality 3/4	And he went a little further, and fell on his face, and prayed, saying, O my Father, if it be possible, let this cup pass from me: nevertheless not as I will, but as thou wilt.	And he went a little further, and fell on his face, and prayed, saying, O my Father, if it be possible, let this cup pass from me: nevertheless not as I will, but as thou wilt.	And he went a little further, and fell on his face, and prayed, saying, O my Father, if it be possible, let this cup pass from me: nevertheless not as I will, but as thou wilt.	And he went a little farther, and fell on his face, and prayed, saying, O my Father, if it be possible, let this cup pass from me: nevertheless not as I will, but as thou wilt.	And he went a little further, and fell on his face, and prayed, saying, O my Father, if it be possible, let this cup pass from me: nevertheless not as I will, but as thou wilt.
Mark	1	19	plurality 3/4	And when he had gone a little further thence, he saw James the son of Zebedee, and John his brother, who also were in the ship mending their nets.	And when he had gone a little further thence, he saw James the son of Zebedee, and John his brother, who also were in the ship mending their nets.	And when he had gone a little further thence, he saw James the son of Zebedee, and John his brother, who also were in the ship mending their nets.	And when he had gone a little farther thence, he saw James the son of Zebedee, and John his brother, who also were in the ship mending their nets.	And when he had gone a little further thence, he saw James the son of Zebedee, and John his brother, who also were in the ship mending their nets.
Mark	2	1	plurality 3/4	And again he entered into Capernaum after some days; and it was noised that he was in the house.	And again he entered into Capernaum after some days; and it was noised that he was in the house.	And again he entered into Capernaum after some days; and it was noised that he was in the house.	And again he entered into Capernaum, after some days; and it was noised that he was in the house.	And again he entered into Capernaum after some days; and it was noised that he was in the house.
Mark	12	7	plurality 3/4	But those husbandmen said among themselves, This is the heir; come, let us kill him, and the inheritance shall be ours.	But those husbandmen said among themselves, This is the heir; come, let us kill him, and the inheritance shall be our's.	But those husbandmen said among themselves, This is the heir; come, let us kill him, and the inheritance shall be ours.	But those husbandmen said among themselves, This is the heir; come, let us kill him, and the inheritance shall be ours.	But those husbandmen said among themselves, This is the heir; come, let us kill him, and the inheritance shall be ours.
Mark	12	36	plurality 2/4	For David himself said by the Holy Ghost, The LORD said to my Lord, Sit thou on my right hand, till I make thine enemies thy footstool.	For David himself said by the Holy Ghost, The LORD said to my Lord, Sit thou on my right hand, till I make thine enemies thy footstool.	For David himself said by the Holy Ghost, The LORD said to my Lord, Sit thou on my right hand, till I make thine enemies thy footstool.	For David himself said by the Holy Ghost, The Lord said to my Lord, Sit thou on my right hand, till I make thine enemies thy footstool.	For David himself said by the Holy Ghost, The Lord said to my Lord, Sit thou on my right hand, till I make thine enemies thy footstool.
Mark	14	43	plurality 3/4	And immediately, while he yet spake, cometh Judas, one of the twelve, and with him a great multitude with swords and staves, from the chief priests and the scribes and the elders.	And immediately, while he yet spake, cometh Judas, one of the twelve, and with him a great multitude with swords and staves, from the chief priests and the scribes and the elders.	And immediately, while he yet spake, cometh Judas, one of the twelve, and with him a great multitude with swords and staves, from the chief priests and the scribes and the elders.	And immediately, while he yet spake, cometh Judas, one of the twelve, and with him a great multitude with swords and staves, from the chief priest and the scribes and the elders.	And immediately, while he yet spake, cometh Judas, one of the twelve, and with him a great multitude with swords and staves, from the chief priests and the scribes and the elders.
Luke	2	2	plurality 2/4	(And this taxing was first made when Cyrenius was governor of Syria.)	(And this taxing was first made when Cyrenius was governor of Syria.)	( And this taxing was first made when Cyrenius was governor of Syria.)	( And this taxing was first made when Cyrenius was governor of Syria.)	(And this taxing was first made when Cyrenius was governor of Syria.)
Luke	6	20	plurality 3/4	And he lifted up his eyes on his disciples, and said, Blessed be ye poor: for yours is the kingdom of God.	And he lifted up his eyes on his disciples, and said, Blessed be ye poor: for your's is the kingdom of God.	And he lifted up his eyes on his disciples, and said, Blessed be ye poor: for yours is the kingdom of God.	And he lifted up his eyes on his disciples, and said, Blessed be ye poor: for yours is the kingdom of God.	And he lifted up his eyes on his disciples, and said, Blessed be ye poor: for yours is the kingdom of God.
Luke	7	25	plurality 3/4	But what went ye out for to see? A man clothed in soft raiment? Behold, they which are gorgeously apparelled, and live delicately, are in kings' courts.	But what went ye out for to see? A man clothed in soft raiment? Behold, they which are gorgeously apparelled, and live delicately, are in kings' courts.	But what went ye out for to see? A man clothed in soft raiment? Behold, they which are gorgeously apparelled, and live delicately, are in kings' courts.	But what went ye out for to see? A man clothed in soft raiment? Behold, they which are gorgeously apparelled, and live delicately, are in kings courts.	But what went ye out for to see? A man clothed in soft raiment? Behold, they which are gorgeously apparelled, and live delicately, are in kings' courts.
Luke	8	47	plurality 3/4	And when the woman saw that she was not hid, she came trembling, and falling down before him, she declared unto him before all the people for what cause she had touched him, and how she was healed immediately.	And when the woman saw that she was not hid, she came trembling, and falling down before him, she declared unto him before all the people for what cause she had touched him, and how she was healed immediately.	And when the woman saw that she was not hid, she came trembling, and falling down before him, she declared unto him before all the people for what cause she had touched him, and how she was healed immediately.	And when the woman saw that she was not hid, she came trembling, and falling down before him, she declared unto him before all the people for what cause she had touched him and how she was healed immediately.	And when the woman saw that she was not hid, she came trembling, and falling down before him, she declared unto him before all the people for what cause she had touched him, and how she was healed immediately.
Luke	12	49	plurality 3/4	I am come to send fire on the earth; and what will I, if it be already kindled?	I am come to send fire on the earth; and what will I, if it be already kindled?	I am come to send fire on the earth; and what will I, if it be already kindled?	I am come to send fire on the earth; and what will I if it be already kindled?	I am come to send fire on the earth; and what will I, if it be already kindled?
Luke	20	14	plurality 3/4	But when the husbandmen saw him, they reasoned among themselves, saying, This is the heir: come, let us kill him, that the inheritance may be ours.	But when the husbandmen saw him, they reasoned among themselves, saying, This is the heir: come, let us kill him, that the inheritance may be our's.	But when the husbandmen saw him, they reasoned among themselves, saying, This is the heir: come, let us kill him, that the inheritance may be ours.	But when the husbandmen saw him, they reasoned among themselves, saying, This is the heir: come, let us kill him, that the inheritance may be ours.	But when the husbandmen saw him, they reasoned among themselves, saying, This is the heir: come, let us kill him, that the inheritance may be ours.
Luke	23	32	plurality 3/4	And there were also two other, malefactors, led with him to be put to death.	And there were also two other, malefactors, led with him to be put to death.	And there were also two other, malefactors, led with him to be put to death.	And there were also two others, malefactors, led with him to be put to death.	And there were also two other, malefactors, led with him to be put to death.
John	15	20	plurality 3/4	Remember the word that I said unto you, The servant is not greater than his lord. If they have persecuted me, they will also persecute you; if they have kept my saying, they will keep yours also.	Remember the word that I said unto you, The servant is not greater than his lord. If they have persecuted me, they will also persecute you; if they have kept my saying, they will keep your's also.	Remember the word that I said unto you, The servant is not greater than his lord. If they have persecuted me, they will also persecute you; if they have kept my saying, they will keep yours also.	Remember the word that I said unto you, The servant is not greater than his lord. If they have persecuted me, they will also persecute you; if they have kept my saying, they will keep yours also.	Remember the word that I said unto you, The servant is not greater than his lord. If they have persecuted me, they will also persecute you; if they have kept my saying, they will keep yours also.
John	19	18	plurality 3/4	Where they crucified him, and two other with him, on either side one, and Jesus in the midst.	Where they crucified him, and two other with him, on either side one, and Jesus in the midst.	Where they crucified him, and two other with him, on either side one, and Jesus in the midst.	Where they crucified him, and two others with him, on either side one, and Jesus in the midst.	Where they crucified him, and two other with him, on either side one, and Jesus in the midst.
John	20	27	plurality 3/4	Then saith he to Thomas, Reach hither thy finger, and behold my hands; and reach hither thy hand, and thrust it into my side: and be not faithless, but believing.	Then saith he to Thomas, Reach hither thy finger, and behold my hands; and reach hither thy hand, and thrust it into my side: and be not faithless, but believing.	Then saith he to Thomas, Reach hither thy finger, and behold my hands; and reach hither thy hand, and thrust it into my side: and be not faithless, but believing.	Then saith he to Thomas, reach hither thy finger, and behold my hands; and reach hither thy hand, and thrust it into my side: and be not faithless, but believing.	Then saith he to Thomas, Reach hither thy finger, and behold my hands; and reach hither thy hand, and thrust it into my side: and be not faithless, but believing.
John	21	11	plurality 3/4	Simon Peter went up, and drew the net to land full of great fishes, an hundred and fifty and three: and for all there were so many, yet was not the net broken.	Simon Peter went up, and drew the net to land full of great fishes, an hundred and fifty and three: and for all there were so many, yet was not the net broken.	Simon Peter went up, and drew the net to land full of great fishes, an hundred and fifty and three: and for all there were so many, yet was not the net broken.	Simon Peter went up, and drew the net to land full of great fishes, and hundred and fifty and three: and for all there were so many, yet was not the net broken.	Simon Peter went up, and drew the net to land full of great fishes, an hundred and fifty and three: and for all there were so many, yet was not the net broken.
Acts	3	7	plurality 3/4	And he took him by the right hand, and lifted him up: and immediately his feet and ankle bones received strength.	And he took him by the right hand, and lifted him up: and immediately his feet and ancle bones received strength.	And he took him by the right hand, and lifted him up: and immediately his feet and ankle bones received strength.	And he took him by the right hand, and lifted him up: and immediately his feet and ankle bones received strength.	And he took him by the right hand, and lifted him up: and immediately his feet and ankle bones received strength.
Acts	5	21	plurality 3/4	And when they heard that, they entered into the temple early in the morning, and taught. But the high priest came, and they that were with him, and called the council together, and all the senate of the children of Israel, and sent to the prison to have them brought.	And when they heard that, they entered into the temple early in the morning, and taught. But the high priest came, and they that were with him, and called the council together, and all the senate of the children of Israel, and sent to the prison to have them brought.	And when they heard that, they entered into the temple early in the morning, and taught. But the high priest came, and they that were with him, and called the council together, and all the senate of the children of Israel, and sent to the prison to have them brought.	And when they heard that, they entered into the temple early in the morning, and taught. But the high priest came, and they that were with him, and called the council together, and all the senate of the children of Israel and sent to the prison to have them brought.	And when they heard that, they entered into the temple early in the morning, and taught. But the high priest came, and they that were with him, and called the council together, and all the senate of the children of Israel, and sent to the prison to have them brought.
Acts	11	12	plurality 2/4	And the Spirit bade me go with them, nothing doubting. Moreover these six brethren accompanied me, and we entered into the man's house:	And the Spirit bade me go with them, nothing doubting. Moreover these six brethren accompanied me, and we entered into the man's house:	And the Spirit bade me go with them, nothing doubting. Moreover these six brethren accompanied me, and we entered into the man's house:	And the spirit bade me go with them, nothing doubting. Moreover these six brethren accompanied me, and we entered into the man's house:	And the spirit bade me go with them, nothing doubting. Moreover these six brethren accompanied me, and we entered into the man's house:
Acts	11	28	plurality 2/4	And there stood up one of them named Agabus, and signified by the Spirit that there should be great dearth throughout all the world: which came to pass in the days of Claudius Caesar.	And there stood up one of them named Agabus, and signified by the Spirit that there should be great dearth throughout all the world: which came to pass in the days of Claudius Caesar.	And there stood up one of them named Agabus, and signified by the Spirit that there should be great dearth throughout all the world: which came to pass in the days of Claudius Caesar.	And there stood up one of them named Agabus, and signified by the spirit that there should be great dearth throughout all the world: which came to pass in the days of Claudius Caesar.	And there stood up one of them named Agabus, and signified by the spirit that there should be great dearth throughout all the world: which came to pass in the days of Claudius Cesar.
Acts	16	23	plurality 3/4	And when they had laid many stripes upon them, they cast them into prison, charging the jailor to keep them safely:	And when they had laid many stripes upon them, they cast them into prison, charging the jailor to keep them safely:	And when they had laid many stripes upon them, they cast them into prison, charging the jailor to keep them safely:	And when they had laid many stripes upon them, they cast them into prison, charging the jailer to keep them safely:	And when they had laid many stripes upon them, they cast them into prison, charging the jailor to keep them safely:
Acts	16	40	plurality 3/4	And they went out of the prison, and entered into the house of Lydia: and when they had seen the brethren, they comforted them, and departed.	And they went out of the prison, and entered into the house of Lydia: and when they had seen the brethren, they comforted them, and departed.	And they went out of the prison, and entered into the house of Lydia: and when they had seen the brethren, they comforted them, and departed.	And they went out of the prison, and entered into the house of Lydia and when they had seen the brethren, they comforted them, and departed.	And they went out of the prison, and entered into the house of Lydia: and when they had seen the brethren, they comforted them, and departed.
Acts	24	25	plurality 3/4	And as he reasoned of righteousness, temperance, and judgment to come, Felix trembled, and answered, Go thy way for this time; when I have a convenient season, I will call for thee.	And as he reasoned of righteousness, temperance, and judgment to come, Felix trembled, and answered, Go thy way for this time; when I have a convenient season, I will call for thee.	And as he reasoned of righteousness, temperance, and judgment to come, Felix trembled, and answered, Go thy way for this time; when I have a convenient season, I will call for thee.	And as he reasoned of righteousness, temperance, and judgment to come Felix trembled, and answered, Go thy way for this time; when I have a convenient season, I will call for thee.	And as he reasoned of righteousness, temperance, and judgment to come, Felix trembled, and answered, Go thy way for this time; when I have a convenient season, I will call for thee.
Acts	28	15	plurality 3/4	And from thence, when the brethren heard of us, they came to meet us as far as Appii forum, and The three taverns: whom when Paul saw, he thanked God, and took courage.	And from thence, when the brethren heard of us, they came to meet us as far as Appii forum, and The three taverns: whom when Paul saw, he thanked God, and took courage.	And from thence, when the brethren heard of us, they came to meet us as far as Appii forum, and The three taverns: whom when Paul saw, he thanked God, and took courage.	And from thence, when the brethren heard of us, they came to meet us as far as Appii Forum, and The three taverns: whom when Paul saw, he thanked God, and took courage.	And from thence, when the brethren heard of us, they came to meet us as far as Appii forum, and The three taverns: whom when Paul saw, he thanked God, and took courage.
Romans	4	18	plurality 2/4	Who against hope believed in hope, that he might become the father of many nations, according to that which was spoken, So shall thy seed be.	Who against hope believed in hope, that he might become the father of many nations, according to that which was spoken, So shall thy seed be.	Who against hope believed in hope, that he might become the father of many nations; according to that which was spoken, So shall thy seed be.	Who against hope believed in hope, that he might become the father of many nations, according to that which was spoken, So shall thy seed be.	Who against hope believed in hope, that he might become the father of many nations; according to that which was spoken, So shall thy seed be.
Romans	4	19	plurality 3/4	And being not weak in faith, he considered not his own body now dead, when he was about an hundred years old, neither yet the deadness of Sara's womb:	And being not weak in faith, he considered not his own body now dead, when he was about an hundred years old, neither yet the deadness of Sara's womb:	And being not weak in faith, he considered not his own body now dead, when he was about an hundred years old, neither yet the deadness of Sara's womb:	And being not weak in faith, he considered not his own body now dead, when he was about an hundred years old, neither yet the deadness of Sarah's womb:	And being not weak in faith, he considered not his own body now dead, when he was about an hundred years old, neither yet the deadness of Sara's womb:
Romans	9	9	plurality 3/4	For this is the word of promise, At this time will I come, and Sara shall have a son.	For this is the word of promise, At this time will I come, and Sara shall have a son.	For this is the word of promise, At this time will I come, and Sara shall have a son.	For this is the word of promise, At this time will I come, and Sarah shall have a son.	For this is the word of promise, At this time will I come, and Sara shall have a son.
1 Corinthians	1	2	plurality 3/4	Unto the church of God which is at Corinth, to them that are sanctified in Christ Jesus, called to be saints, with all that in every place call upon the name of Jesus Christ our Lord, both theirs and ours:	Unto the church of God which is at Corinth, to them that are sanctified in Christ Jesus, called to be saints, with all that in every place call upon the name of Jesus Christ our Lord, both their's and our's:	Unto the church of God which is at Corinth, to them that are sanctified in Christ Jesus, called to be saints, with all that in every place call upon the name of Jesus Christ our Lord, both theirs and ours:	Unto the church of God which is at Corinth, to them that are sanctified in Christ Jesus, called to be saints, with all that in every place call upon the name of Jesus Christ our Lord, both theirs and ours:	Unto the church of God which is at Corinth, to them that are sanctified in Christ Jesus, called to be saints, with all that in every place call upon the name of Jesus Christ our Lord, both theirs and ours:
1 Corinthians	3	21	plurality 3/4	Therefore let no man glory in men. For all things are yours;	Therefore let no man glory in men. For all things are your's;	Therefore let no man glory in men. For all things are yours;	Therefore let no man glory in men. For all things are yours;	Therefore let no man glory in men. For all things are yours;
1 Corinthians	3	22	plurality 3/4	Whether Paul, or Apollos, or Cephas, or the world, or life, or death, or things present, or things to come; all are yours;	Whether Paul, or Apollos, or Cephas, or the world, or life, or death, or things present, or things to come; all are your's;	Whether Paul, or Apollos, or Cephas, or the world, or life, or death, or things present, or things to come; all are yours;	Whether Paul, or Apollos, or Cephas, or the world, or life, or death, or things present, or things to come; all are yours;	Whether Paul, or Apollos, or Cephas, or the world, or life, or death, or things present, or things to come; all are yours;
1 Corinthians	4	15	plurality 2/4	For though ye have ten thousand instructors in Christ, yet have ye not many fathers: for in Christ Jesus I have begotten you through the gospel.	For though ye have ten thousand instructors in Christ, yet have ye not many fathers: for in Christ Jesus I have begotten you through the gospel.	For though ye have ten thousand instructers in Christ, yet have ye not many fathers: for in Christ Jesus I have begotten you through the gospel.	For though ye have ten thousand instructers in Christ, yet have ye not many fathers: for in Christ Jesus I have begotten you through the gospel.	For though ye have ten thousand instructors in Christ, yet have ye not many fathers: for in Christ Jesus I have begotten you through the gospel.
1 Corinthians	8	9	plurality 3/4	But take heed lest by any means this liberty of yours become a stumblingblock to them that are weak.	But take heed lest by any means this liberty of your's become a stumblingblock to them that are weak.	But take heed lest by any means this liberty of yours become a stumblingblock to them that are weak.	But take heed lest by any means this liberty of yours become a stumblingblock to them that are weak.	But take heed lest by any means this liberty of yours become a stumblingblock to them that are weak.
1 Corinthians	15	27	plurality 3/4	For he hath put all things under his feet. But when he saith all things are put under him, it is manifest that he is excepted, which did put all things under him.	For he hath put all things under his feet. But when he saith all things are put under him, it is manifest that he is excepted, which did put all things under him.	For he hath put all things under his feet. But when he saith all things are put under him, it is manifest that he is excepted, which did put all things under him.	For he hath put all things under his feet. But when he saith, all things are put under him, it is manifest that he is excepted, which did put all things under him.	For he hath put all things under his feet. But when he saith all things are put under him, it is manifest that he is excepted, which did put all things under him.
1 Corinthians	15	58	plurality 3/4	Therefore, my beloved brethren, be ye stedfast, unmoveable, always abounding in the work of the Lord, forasmuch as ye know that your labour is not in vain in the Lord.	Therefore, my beloved brethren, be ye stedfast, unmoveable, always abounding in the work of the Lord, forasmuch as ye know that your labour is not in vain in the Lord.	Therefore, my beloved brethren, be ye stedfast, unmoveable, always abounding in the work of the Lord, forasmuch as ye know that your labour is not in vain in the Lord.	Therefore, my beloved brethren, be ye stedfast, unmovable, always abounding in the work of the Lord, forasmuch as ye know that your labour is not in vain in the Lord.	Therefore, my beloved brethren, be ye stedfast, unmoveable, always abounding in the work of the Lord, forasmuch as ye know that your labour is not in vain in the Lord.
1 Corinthians	16	18	plurality 3/4	For they have refreshed my spirit and yours: therefore acknowledge ye them that are such.	For they have refreshed my spirit and your's: therefore acknowledge ye them that are such.	For they have refreshed my spirit and yours: therefore acknowledge ye them that are such.	For they have refreshed my spirit and yours: therefore acknowledge ye them that are such.	For they have refreshed my spirit and yours: therefore acknowledge ye them that are such.
2 Corinthians	1	14	plurality 3/4	As also ye have acknowledged us in part, that we are your rejoicing, even as ye also are ours in the day of the Lord Jesus.	As also ye have acknowledged us in part, that we are your rejoicing, even as ye also are our's in the day of the Lord Jesus.	As also ye have acknowledged us in part, that we are your rejoicing, even as ye also are ours in the day of the Lord Jesus.	As also ye have acknowledged us in part, that we are your rejoicing, even as ye also are ours in the day of the Lord Jesus.	As also ye have acknowledged us in part, that we are your rejoicing, even as ye also are ours in the day of the Lord Jesus.
2 Corinthians	12	14	plurality 3/4	Behold, the third time I am ready to come to you; and I will not be burdensome to you: for I seek not yours, but you: for the children ought not to lay up for the parents, but the parents for the children.	Behold, the third time I am ready to come to you; and I will not be burdensome to you: for I seek not your's, but you: for the children ought not to lay up for the parents, but the parents for the children.	Behold, the third time I am ready to come to you; and I will not be burdensome to you: for I seek not yours, but you: for the children ought not to lay up for the parents, but the parents for the children.	Behold, the third time I am ready to come to you; and I will not be burdensome to you: for I seek not yours, but you: for the children ought not to lay up for the parents, but the parents for the children.	Behold, the third time I am ready to come to you; and I will not be burdensome to you: for I seek not yours, but you: for the children ought not to lay up for the parents, but the parents for the children.
Galatians	4	30	plurality 3/4	Nevertheless what saith the scripture? Cast out the bondwoman and her son: for the son of the bondwoman shall not be heir with the son of the freewoman.	Nevertheless what saith the scripture? Cast out the bondwoman and her son: for the son of the bondwoman shall not be heir with the son of the freewoman.	Nevertheless what saith the scripture? Cast out the bondwoman and her son: for the son of the bondwoman shall not be heir with the son of the freewoman.	Nevertheless what saith the scripture? Cast out the bondwoman and her son: for the son of the bondwoman shall not be heir with the son of the free woman.	Nevertheless what saith the scripture? Cast out the bondwoman and her son: for the son of the bondwoman shall not be heir with the son of the freewoman.
Ephesians	3	2	plurality 3/4	If ye have heard of the dispensation of the grace of God which is given me to you-ward:	If ye have heard of the dispensation of the grace of God which is given me to you-ward:	If ye have heard of the dispensation of the grace of God which is given me to you-ward:	If ye have heard of the dispensation of the grace of God which is given me to youward:	If ye have heard of the dispensation of the grace of God which is given me to you-ward:
Philippians	2	25	plurality 3/4	Yet I supposed it necessary to send to you Epaphroditus, my brother, and companion in labour, and fellowsoldier, but your messenger, and he that ministered to my wants.	Yet I supposed it necessary to send to you Epaphroditus, my brother, and companion in labour, and fellowsoldier, but your messenger, and he that ministered to my wants.	Yet I supposed it necessary to send to you Epaphroditus, my brother, and companion in labour, and fellowsoldier, but your messenger, and he that ministered to my wants.	Yet I supposed it necessary to send to you Epaphroditus, my brother, and companion in labour, and fellow soldier, but your messenger, and he that ministered to my wants.	Yet I supposed it necessary to send to you Epaphroditus, my brother, and companion in labour, and fellowsoldier, but your messenger, and he that ministered to my wants.
Colossians	4	11	plurality 3/4	And Jesus, which is called Justus, who are of the circumcision. These only are my fellowworkers unto the kingdom of God, which have been a comfort unto me.	And Jesus, which is called Justus, who are of the circumcision. These only are my fellowworkers unto the kingdom of God, which have been a comfort unto me.	And Jesus, which is called Justus, who are of the circumcision. These only are my fellowworkers unto the kingdom of God, which have been a comfort unto me.	And Jesus, which is called Justus, who are of the circumcision. These only are my fellow workers unto the kingdom of God, which have been a comfort unto me.	And Jesus, which is called Justus, who are of the circumcision. These only are my fellowworkers unto the kingdom of God, which have been a comfort unto me.
2 Timothy	3	9	plurality 3/4	But they shall proceed no further: for their folly shall be manifest unto all men, as theirs also was.	But they shall proceed no further: for their folly shall be manifest unto all men, as their's also was.	But they shall proceed no further: for their folly shall be manifest unto all men, as theirs also was.	But they shall proceed no further: for their folly shall be manifest unto all men, as theirs also was.	But they shall proceed no further: for their folly shall be manifest unto all men, as theirs also was.
Titus	3	14	plurality 3/4	And let ours also learn to maintain good works for necessary uses, that they be not unfruitful.	And let our's also learn to maintain good works for necessary uses, that they be not unfruitful.	And let ours also learn to maintain good works for necessary uses, that they be not unfruitful.	And let ours also learn to maintain good works for necessary uses, that they be not unfruitful.	And let ours also learn to maintain good works for necessary uses, that they be not unfruitful.
1 Peter	3	6	plurality 3/4	Even as Sara obeyed Abraham, calling him lord: whose daughters ye are, as long as ye do well, and are not afraid with any amazement.	Even as Sara obeyed Abraham, calling him lord: whose daughters ye are, as long as ye do well, and are not afraid with any amazement.	Even as Sara obeyed Abraham, calling him lord: whose daughters ye are, as long as ye do well, and are not afraid with any amazement.	Even as Sarah obeyed Abraham, calling him lord: whose daughters ye are, as long as ye do well, and are not afraid with any amazement.	Even as Sara obeyed Abraham, calling him lord: whose daughters ye are, as long as ye do well, and are not afraid with any amazement.
2 Peter	2	6	plurality 3/4	And turning the cities of Sodom and Gomorrha into ashes condemned them with an overthrow, making them an ensample unto those that after should live ungodly;	And turning the cities of Sodom and Gomorrha into ashes condemned them with an overthrow, making them an ensample unto those that after should live ungodly;	And turning the cities of Sodom and Gomorrha into ashes condemned them with an overthrow, making them an ensample unto those that after should live ungodly;	And turning the cities of Sodom and Gomorrah into ashes condemned them with an overthrow, making them an ensample unto those that after should live ungodly;	And turning the cities of Sodom and Gomorrha into ashes condemned them with an overthrow, making them an ensample unto those that after should live ungodly;
2 Peter	2	13	plurality 3/4	And shall receive the reward of unrighteousness, as they that count it pleasure to riot in the day time. Spots they are and blemishes, sporting themselves with their own deceivings while they feast with you;	And shall receive the reward of unrighteousness, as they that count it pleasure to riot in the day time. Spots they are and blemishes, sporting themselves with their own deceivings while they feast with you;	And shall receive the reward of unrighteousness, as they that count it pleasure to riot in the day time. Spots they are and blemishes, sporting themselves with their own deceivings while they feast with you;	And shall receive the reward of unrighteousness, as they that count it pleasure to riot in the daytime. Spots they are and blemishes, sporting themselves with their own deceivings while they feast with you;	And shall receive the reward of unrighteousness, as they that count it pleasure to riot in the day time. Spots they are and blemishes, sporting themselves with their own deceivings while they feast with you;
1 John	2	2	plurality 3/4	And he is the propitiation for our sins: and not for ours only, but also for the sins of the whole world.	And he is the propitiation for our sins: and not for our's only, but also for the sins of the whole world.	And he is the propitiation for our sins: and not for ours only, but also for the sins of the whole world.	And he is the propitiation for our sins: and not for ours only, but also for the sins of the whole world.	And he is the propitiation for our sins: and not for ours only, but also for the sins of the whole world.
1 John	5	8	plurality 2/4	And there are three that bear witness in earth, the Spirit, and the water, and the blood: and these three agree in one.	And there are three that bear witness in earth, the Spirit, and the water, and the blood: and these three agree in one.	And there are three that bear witness in earth, the Spirit, and the water, and the blood: and these three agree in one.	And there are three that bear witness in earth, the spirit, and the water, and the blood: and these three agree in one.	And there are three that bear witness in earth, the spirit, and the water, and the blood: and these three agree in one.
Revelation	2	6	plurality 3/4	But this thou hast, that thou hatest the deeds of the Nicolaitans, which I also hate.	But this thou hast, that thou hatest the deeds of the Nicolaitans, which I also hate.	But this thou hast, that thou hatest the deeds of the Nicolaitans, which I also hate.	But this thou hast, that thou hatest the deeds of the Nicolaitanes, which I also hate.	But this thou hast, that thou hatest the deeds of the Nicolaitans, which I also hate.
Revelation	2	15	plurality 3/4	So hast thou also them that hold the doctrine of the Nicolaitans, which thing I hate.	So hast thou also them that hold the doctrine of the Nicolaitans, which thing I hate.	So hast thou also them that hold the doctrine of the Nicolaitans, which thing I hate.	So hast thou also them that hold the doctrine of the Nicolaitanes, which thing I hate.	So hast thou also them that hold the doctrine of the Nicolaitans, which thing I hate.
